name,num_qubits,width,depth
qwalk-noancilla_indep_qiskit_13.qasm,13,26,98132
su2random_indep_qiskit_54.qasm,54,108,218
qpeexact_indep_qiskit_54.qasm,54,107,161
ghz_indep_qiskit_100.qasm,100,200,101
wstate_indep_qiskit_26.qasm,26,52,53
graphstate_indep_qiskit_30.qasm,30,60,9
random_indep_qiskit_100.qasm,100,200,1336
graphstate_indep_qiskit_120.qasm,120,240,9
qnn_indep_qiskit_8.qasm,8,16,75
twolocalrandom_indep_qiskit_128.qasm,128,256,514
twolocalrandom_indep_qiskit_27.qasm,27,54,110
ghz_indep_qiskit_81.qasm,81,162,82
qaoa_indep_qiskit_6.qasm,6,12,9
graphstate_indep_qiskit_88.qasm,88,176,7
qftentangled_indep_qiskit_85.qasm,85,170,173
wstate_indep_qiskit_112.qasm,112,224,225
qft_indep_qiskit_116.qasm,116,348,233
ae_indep_qiskit_118.qasm,118,236,702
wstate_indep_qiskit_71.qasm,71,142,143
graphstate_indep_qiskit_67.qasm,67,134,8
ae_indep_qiskit_53.qasm,53,106,312
qftentangled_indep_qiskit_112.qasm,112,224,227
ghz_indep_qiskit_39.qasm,39,78,40
shor_15_4_indep_qiskit_18.qasm,18,36,6214
twolocalrandom_indep_qiskit_70.qasm,70,140,282
qnn_indep_qiskit_84.qasm,84,168,835
ghz_indep_qiskit_9.qasm,9,18,10
wstate_indep_qiskit_104.qasm,104,208,209
portfoliovqe_indep_qiskit_8.qasm,8,16,34
qftentangled_indep_qiskit_93.qasm,93,186,189
vqe_indep_qiskit_11.qasm,11,22,16
su2random_indep_qiskit_15.qasm,15,30,62
qpeexact_indep_qiskit_15.qasm,15,29,44
qpeexact_indep_qiskit_127.qasm,127,253,380
wstate_indep_qiskit_88.qasm,88,176,177
ae_indep_qiskit_45.qasm,45,90,264
graphstate_indep_qiskit_71.qasm,71,142,9
wstate_indep_qiskit_67.qasm,67,134,135
qpeinexact_indep_qiskit_48.qasm,48,95,143
qft_indep_qiskit_100.qasm,100,300,201
qnn_indep_qiskit_123.qasm,123,246,1225
twolocalrandom_indep_qiskit_89.qasm,89,178,358
twolocalrandom_indep_qiskit_3.qasm,3,6,14
su2random_indep_qiskit_108.qasm,108,216,434
qftentangled_indep_qiskit_104.qasm,104,208,211
qnn_indep_qiskit_92.qasm,92,184,915
twolocalrandom_indep_qiskit_66.qasm,66,132,266
realamprandom_indep_qiskit_120.qasm,120,240,482
qpeexact_indep_qiskit_5.qasm,5,9,14
ghz_indep_qiskit_116.qasm,116,232,117
qpeexact_indep_qiskit_42.qasm,42,83,125
su2random_indep_qiskit_42.qasm,42,84,170
su2random_indep_qiskit_4.qasm,4,8,18
random_indep_qiskit_116.qasm,116,232,1533
ae_indep_qiskit_12.qasm,12,24,66
graphstate_indep_qiskit_26.qasm,26,52,8
wstate_indep_qiskit_30.qasm,30,60,61
qpeinexact_indep_qiskit_118.qasm,118,235,353
portfoliovqe_indep_qiskit_17.qasm,17,34,70
ghz_indep_qiskit_78.qasm,78,156,79
ghz_indep_qiskit_97.qasm,97,194,98
twolocalrandom_indep_qiskit_31.qasm,31,62,126
qftentangled_indep_qiskit_50.qasm,50,100,103
qwalk-noancilla_indep_qiskit_7.qasm,7,14,1508
qpeinexact_indep_qiskit_64.qasm,64,127,191
qft_indep_qiskit_76.qasm,76,228,153
realamprandom_indep_qiskit_67.qasm,67,134,270
random_indep_qiskit_76.qasm,76,152,957
ae_indep_qiskit_122.qasm,122,244,726
ae_indep_qiskit_69.qasm,69,138,408
ae_indep_qiskit_86.qasm,86,172,510
qpeexact_indep_qiskit_39.qasm,39,77,116
qft_indep_qiskit_99.qasm,99,297,199
su2random_indep_qiskit_39.qasm,39,78,158
realamprandom_indep_qiskit_88.qasm,88,176,354
random_indep_qiskit_99.qasm,99,198,1321
groundstate_medium_indep_qiskit_12.qasm,12,24,37
wstate_indep_qiskit_128.qasm,128,256,257
dj_indep_qiskit_26.qasm,26,51,28
ae_indep_qiskit_8.qasm,8,16,42
qnn_indep_qiskit_51.qasm,51,102,505
qftentangled_indep_qiskit_128.qasm,128,256,259
su2random_indep_qiskit_124.qasm,124,248,498
dj_indep_qiskit_127.qasm,127,253,129
qpeexact_indep_qiskit_81.qasm,81,161,242
realamprandom_indep_qiskit_30.qasm,30,60,122
random_indep_qiskit_21.qasm,21,42,220
qpeinexact_indep_qiskit_33.qasm,33,65,98
qft_indep_qiskit_21.qasm,21,63,43
su2random_indep_qiskit_81.qasm,81,162,326
dj_indep_qiskit_71.qasm,71,141,73
ghz_indep_qiskit_54.qasm,54,108,55
twolocalrandom_indep_qiskit_112.qasm,112,224,450
qftentangled_indep_qiskit_11.qasm,11,22,25
su2random_indep_qiskit_97.qasm,97,194,390
qft_indep_qiskit_37.qasm,37,111,75
qpeinexact_indep_qiskit_25.qasm,25,49,74
random_indep_qiskit_37.qasm,37,74,411
realamprandom_indep_qiskit_26.qasm,26,52,106
qpeexact_indep_qiskit_97.qasm,97,193,290
ae_indep_qiskit_28.qasm,28,56,162
qpeexact_indep_qiskit_78.qasm,78,155,233
su2random_indep_qiskit_78.qasm,78,156,314
dj_indep_qiskit_67.qasm,67,133,69
qnn_indep_qiskit_10.qasm,10,20,95
qpeinexact_indep_qiskit_122.qasm,122,243,365
qftentangled_indep_qiskit_6.qasm,6,12,15
twolocalrandom_indep_qiskit_104.qasm,104,208,418
ghz_indep_qiskit_42.qasm,42,84,43
dj_indep_qiskit_88.qasm,88,175,90
random_indep_qiskit_60.qasm,60,120,767
realamprandom_indep_qiskit_71.qasm,71,142,286
qft_indep_qiskit_60.qasm,60,180,121
qpeinexact_indep_qiskit_72.qasm,72,143,215
qftentangled_indep_qiskit_46.qasm,46,92,95
qwalk-v-chain_indep_qiskit_11.qasm,11,22,164
ae_indep_qiskit_90.qasm,90,180,534
dj_indep_qiskit_30.qasm,30,59,32
qnn_indep_qiskit_119.qasm,119,238,1185
groundstate_small_indep_qiskit_4.qasm,4,8,13
ghz_indep_qiskit_15.qasm,15,30,16
qnn_indep_qiskit_47.qasm,47,94,465
qnn_indep_qiskit_30.qasm,30,60,295
qpeinexact_indep_qiskit_102.qasm,102,203,305
twolocalrandom_indep_qiskit_124.qasm,124,248,498
ghz_indep_qiskit_62.qasm,62,124,63
qnn_indep_qiskit_4.qasm,4,8,35
dj_indep_qiskit_47.qasm,47,93,49
qpeexact_indep_qiskit_58.qasm,58,115,173
su2random_indep_qiskit_58.qasm,58,116,234
wstate_indep_qiskit_7.qasm,7,14,15
qftentangled_indep_qiskit_31.qasm,31,62,65
graphstate_indep_qiskit_3.qasm,3,6,5
qft_indep_qiskit_17.qasm,17,51,35
random_indep_qiskit_17.qasm,17,34,149
dj_indep_qiskit_111.qasm,111,221,113
twolocalrandom_indep_qiskit_93.qasm,93,186,374
su2random_indep_qiskit_112.qasm,112,224,450
ghz_indep_qiskit_35.qasm,35,70,36
qnn_indep_qiskit_67.qasm,67,134,665
ghz_indep_qiskit_5.qasm,5,10,6
qnn_indep_qiskit_88.qasm,88,176,875
dj_indep_qiskit_10.qasm,10,19,12
qftentangled_indep_qiskit_89.qasm,89,178,181
qwalk-v-chain_indep_qiskit_31.qasm,31,62,1364
wstate_indep_qiskit_92.qasm,92,184,185
graphstate_indep_qiskit_84.qasm,84,168,11
qft_indep_qiskit_7.qasm,7,21,15
ae_indep_qiskit_114.qasm,114,228,678
random_indep_qiskit_40.qasm,40,80,468
realamprandom_indep_qiskit_51.qasm,51,102,206
qft_indep_qiskit_40.qasm,40,120,81
qpeinexact_indep_qiskit_52.qasm,52,103,155
qftentangled_indep_qiskit_66.qasm,66,132,135
qnn_indep_qiskit_71.qasm,71,142,705
qftentangled_indep_qiskit_108.qasm,108,216,219
ghz_indep_qiskit_23.qasm,23,46,24
su2random_indep_qiskit_104.qasm,104,208,418
twolocalrandom_indep_qiskit_85.qasm,85,170,342
qpeexact_indep_qiskit_9.qasm,9,17,24
graphstate_indep_qiskit_92.qasm,92,184,9
wstate_indep_qiskit_84.qasm,84,168,169
qpeexact_indep_qiskit_19.qasm,19,37,56
qwalk-v-chain_indep_qiskit_27.qasm,27,54,1028
su2random_indep_qiskit_19.qasm,19,38,78
portfoliovqe_indep_qiskit_4.qasm,4,8,18
wstate_indep_qiskit_108.qasm,108,216,217
qftentangled_indep_qiskit_70.qasm,70,140,143
qpeinexact_indep_qiskit_44.qasm,44,87,131
qft_indep_qiskit_56.qasm,56,168,113
realamprandom_indep_qiskit_47.qasm,47,94,190
random_indep_qiskit_56.qasm,56,112,720
ae_indep_qiskit_102.qasm,102,204,606
qaoa_indep_qiskit_12.qasm,12,24,11
ae_indep_qiskit_49.qasm,49,98,288
qwalk-v-chain_indep_qiskit_3.qasm,3,6,20
ghz_indep_qiskit_74.qasm,74,148,75
qpeinexact_indep_qiskit_114.qasm,114,227,341
qnn_indep_qiskit_26.qasm,26,52,255
dj_indep_qiskit_51.qasm,51,101,53
su2random_indep_qiskit_8.qasm,8,16,34
dj_indep_qiskit_3.qasm,3,5,5
dj_indep_qiskit_107.qasm,107,213,109
realamprandom_indep_qiskit_10.qasm,10,20,42
qpeinexact_indep_qiskit_13.qasm,13,25,38
qftentangled_indep_qiskit_27.qasm,27,54,57
twolocalrandom_indep_qiskit_46.qasm,46,92,186
ae_indep_qiskit_4.qasm,4,8,18
realamprandom_indep_qiskit_100.qasm,100,200,402
qnn_indep_qiskit_103.qasm,103,206,1025
random_indep_qiskit_6.qasm,6,12,34
vqe_indep_qiskit_6.qasm,6,12,11
su2random_indep_qiskit_128.qasm,128,256,514
qftentangled_indep_qiskit_124.qasm,124,248,251
ae_indep_qiskit_65.qasm,65,130,384
graphstate_indep_qiskit_51.qasm,51,102,7
wstate_indep_qiskit_47.qasm,47,94,95
portfolioqaoa_indep_qiskit_15.qasm,15,45,63
qpeinexact_indep_qiskit_68.qasm,68,135,203
qft_indep_qiskit_120.qasm,120,360,241
wstate_indep_qiskit_124.qasm,124,248,249
realamprandom_indep_qiskit_84.qasm,84,168,338
random_indep_qiskit_95.qasm,95,190,1215
qpeinexact_indep_qiskit_87.qasm,87,173,260
qft_indep_qiskit_95.qasm,95,285,191
su2random_indep_qiskit_35.qasm,35,70,142
qpeexact_indep_qiskit_35.qasm,35,69,104
qpeexact_indep_qiskit_107.qasm,107,213,320
twolocalrandom_indep_qiskit_11.qasm,11,22,46
grover-v-chain_indep_qiskit_2.qasm,2,4,2
ghz_indep_qiskit_58.qasm,58,116,59
dj_indep_qiskit_92.qasm,92,183,94
graphstate_indep_qiskit_116.qasm,116,232,9
ae_indep_qiskit_32.qasm,32,64,186
wstate_indep_qiskit_10.qasm,10,20,21
qpeexact_indep_qiskit_62.qasm,62,123,185
su2random_indep_qiskit_62.qasm,62,124,250
dj_indep_qiskit_84.qasm,84,167,86
twolocalrandom_indep_qiskit_108.qasm,108,216,434
graphstate_indep_qiskit_10.qasm,10,20,7
ae_indep_qiskit_24.qasm,24,48,138
qpeinexact_indep_qiskit_29.qasm,29,57,86
random_indep_qiskit_120.qasm,120,240,1652
graphstate_indep_qiskit_100.qasm,100,200,9
su2random_indep_qiskit_74.qasm,74,148,298
qpeexact_indep_qiskit_74.qasm,74,147,221
ghz_indep_qiskit_120.qasm,120,240,121
realamprandom_indep_qiskit_116.qasm,116,232,466
twolocalrandom_indep_qiskit_50.qasm,50,100,202
ghz_indep_qiskit_19.qasm,19,38,20
qnn_indep_qiskit_115.qasm,115,230,1145
wstate_indep_qiskit_51.qasm,51,102,103
graphstate_indep_qiskit_47.qasm,47,94,10
ae_indep_qiskit_73.qasm,73,146,432
qpeexact_indep_qiskit_111.qasm,111,221,332
qpeexact_indep_qiskit_23.qasm,23,45,64
su2random_indep_qiskit_23.qasm,23,46,94
qft_indep_qiskit_83.qasm,83,249,167
qpeinexact_indep_qiskit_91.qasm,91,181,272
random_indep_qiskit_83.qasm,83,166,1087
realamprandom_indep_qiskit_92.qasm,92,184,370
ae_indep_qiskit_72.qasm,72,144,426
wstate_indep_qiskit_50.qasm,50,100,101
graphstate_indep_qiskit_46.qasm,46,92,11
qpeexact_indep_qiskit_110.qasm,110,219,329
qpeexact_indep_qiskit_22.qasm,22,43,63
qpeinexact_indep_qiskit_90.qasm,90,179,269
su2random_indep_qiskit_22.qasm,22,44,90
qft_indep_qiskit_82.qasm,82,246,165
random_indep_qiskit_82.qasm,82,164,1103
realamprandom_indep_qiskit_93.qasm,93,186,374
realamprandom_indep_qiskit_117.qasm,117,234,470
twolocalrandom_indep_qiskit_51.qasm,51,102,206
ghz_indep_qiskit_18.qasm,18,36,19
qnn_indep_qiskit_114.qasm,114,228,1135
ae_indep_qiskit_25.qasm,25,50,144
graphstate_indep_qiskit_11.qasm,11,22,7
qpeinexact_indep_qiskit_28.qasm,28,55,83
random_indep_qiskit_121.qasm,121,242,1600
graphstate_indep_qiskit_101.qasm,101,202,11
su2random_indep_qiskit_75.qasm,75,150,302
qpeexact_indep_qiskit_75.qasm,75,149,224
ghz_indep_qiskit_121.qasm,121,242,122
dj_indep_qiskit_85.qasm,85,169,87
twolocalrandom_indep_qiskit_109.qasm,109,218,438
graphstate_indep_qiskit_117.qasm,117,234,10
wstate_indep_qiskit_11.qasm,11,22,23
ae_indep_qiskit_33.qasm,33,66,192
grover-v-chain_indep_qiskit_15.qasm,15,30,17598
qpeexact_indep_qiskit_63.qasm,63,125,188
su2random_indep_qiskit_63.qasm,63,126,254
pricingcall_indep_qiskit_23.qasm,23,46,4095
twolocalrandom_indep_qiskit_10.qasm,10,20,42
grover-v-chain_indep_qiskit_3.qasm,3,6,10
ghz_indep_qiskit_59.qasm,59,118,60
dj_indep_qiskit_93.qasm,93,185,95
pricingput_indep_qiskit_25.qasm,25,50,7435
graphstate_indep_qiskit_50.qasm,50,100,9
wstate_indep_qiskit_46.qasm,46,92,93
ae_indep_qiskit_64.qasm,64,128,378
portfolioqaoa_indep_qiskit_14.qasm,14,42,59
qpeinexact_indep_qiskit_69.qasm,69,137,206
qft_indep_qiskit_121.qasm,121,363,243
wstate_indep_qiskit_125.qasm,125,250,251
realamprandom_indep_qiskit_85.qasm,85,170,342
random_indep_qiskit_94.qasm,94,188,1265
qft_indep_qiskit_94.qasm,94,282,189
su2random_indep_qiskit_34.qasm,34,68,138
qpeinexact_indep_qiskit_86.qasm,86,171,257
qpeexact_indep_qiskit_34.qasm,34,67,101
qpeexact_indep_qiskit_106.qasm,106,211,317
twolocalrandom_indep_qiskit_47.qasm,47,94,190
ae_indep_qiskit_5.qasm,5,10,24
realamprandom_indep_qiskit_101.qasm,101,202,406
qnn_indep_qiskit_102.qasm,102,204,1015
vqe_indep_qiskit_7.qasm,7,14,12
random_indep_qiskit_7.qasm,7,14,41
su2random_indep_qiskit_129.qasm,129,258,518
qftentangled_indep_qiskit_125.qasm,125,250,253
su2random_indep_qiskit_9.qasm,9,18,38
dj_indep_qiskit_2.qasm,2,3,4
dj_indep_qiskit_106.qasm,106,211,108
realamprandom_indep_qiskit_11.qasm,11,22,46
qpeinexact_indep_qiskit_12.qasm,12,23,35
qftentangled_indep_qiskit_26.qasm,26,52,55
ghz_indep_qiskit_75.qasm,75,150,76
qpeinexact_indep_qiskit_115.qasm,115,229,344
qnn_indep_qiskit_27.qasm,27,54,265
dj_indep_qiskit_50.qasm,50,99,52
graphstate_indep_qiskit_93.qasm,93,186,9
wstate_indep_qiskit_85.qasm,85,170,171
qpeexact_indep_qiskit_18.qasm,18,35,51
su2random_indep_qiskit_18.qasm,18,36,74
wstate_indep_qiskit_109.qasm,109,218,219
portfoliovqe_indep_qiskit_5.qasm,5,10,22
qftentangled_indep_qiskit_71.qasm,71,142,145
qft_indep_qiskit_57.qasm,57,171,115
qpeinexact_indep_qiskit_45.qasm,45,89,134
realamprandom_indep_qiskit_46.qasm,46,92,186
random_indep_qiskit_57.qasm,57,114,701
qaoa_indep_qiskit_13.qasm,13,26,10
ae_indep_qiskit_103.qasm,103,206,612
ae_indep_qiskit_48.qasm,48,96,282
qnn_indep_qiskit_70.qasm,70,140,695
qftentangled_indep_qiskit_109.qasm,109,218,221
ghz_indep_qiskit_22.qasm,22,44,23
su2random_indep_qiskit_105.qasm,105,210,422
twolocalrandom_indep_qiskit_84.qasm,84,168,338
qpeexact_indep_qiskit_8.qasm,8,15,23
qftentangled_indep_qiskit_88.qasm,88,176,179
wstate_indep_qiskit_93.qasm,93,186,187
graphstate_indep_qiskit_85.qasm,85,170,8
routing_indep_qiskit_2.qasm,2,4,8
ae_indep_qiskit_115.qasm,115,230,684
qft_indep_qiskit_6.qasm,6,18,13
random_indep_qiskit_41.qasm,41,82,471
realamprandom_indep_qiskit_50.qasm,50,100,202
qpeinexact_indep_qiskit_53.qasm,53,105,158
qft_indep_qiskit_41.qasm,41,123,83
qftentangled_indep_qiskit_67.qasm,67,134,137
twolocalrandom_indep_qiskit_92.qasm,92,184,370
su2random_indep_qiskit_113.qasm,113,226,454
ghz_indep_qiskit_34.qasm,34,68,35
qnn_indep_qiskit_66.qasm,66,132,655
ghz_indep_qiskit_4.qasm,4,8,5
qnn_indep_qiskit_89.qasm,89,178,885
dj_indep_qiskit_11.qasm,11,21,13
qpeexact_indep_qiskit_59.qasm,59,117,176
su2random_indep_qiskit_59.qasm,59,118,238
wstate_indep_qiskit_6.qasm,6,12,13
qftentangled_indep_qiskit_30.qasm,30,60,63
qft_indep_qiskit_16.qasm,16,48,33
random_indep_qiskit_16.qasm,16,32,168
dj_indep_qiskit_110.qasm,110,219,112
qnn_indep_qiskit_31.qasm,31,62,305
qpeinexact_indep_qiskit_103.qasm,103,205,308
twolocalrandom_indep_qiskit_125.qasm,125,250,502
ghz_indep_qiskit_63.qasm,63,126,64
qnn_indep_qiskit_5.qasm,5,10,45
pricingcall_indep_qiskit_19.qasm,19,38,1139
dj_indep_qiskit_46.qasm,46,91,48
dj_indep_qiskit_31.qasm,31,61,33
qnn_indep_qiskit_118.qasm,118,236,1175
ghz_indep_qiskit_14.qasm,14,28,15
qnn_indep_qiskit_46.qasm,46,92,455
random_indep_qiskit_61.qasm,61,122,750
realamprandom_indep_qiskit_70.qasm,70,140,282
qpeinexact_indep_qiskit_73.qasm,73,145,218
qft_indep_qiskit_61.qasm,61,183,123
qftentangled_indep_qiskit_47.qasm,47,94,97
ae_indep_qiskit_91.qasm,91,182,540
dj_indep_qiskit_66.qasm,66,131,68
qnn_indep_qiskit_11.qasm,11,22,105
qpeinexact_indep_qiskit_123.qasm,123,245,368
qftentangled_indep_qiskit_7.qasm,7,14,17
twolocalrandom_indep_qiskit_105.qasm,105,210,422
ghz_indep_qiskit_43.qasm,43,86,44
dj_indep_qiskit_89.qasm,89,177,91
qftentangled_indep_qiskit_10.qasm,10,20,23
qpeinexact_indep_qiskit_24.qasm,24,47,71
su2random_indep_qiskit_96.qasm,96,192,386
qft_indep_qiskit_36.qasm,36,108,73
random_indep_qiskit_36.qasm,36,72,438
realamprandom_indep_qiskit_27.qasm,27,54,110
qpeexact_indep_qiskit_96.qasm,96,191,287
dj_indep_qiskit_130.qasm,130,259,132
ae_indep_qiskit_29.qasm,29,58,168
qpeexact_indep_qiskit_79.qasm,79,157,236
su2random_indep_qiskit_79.qasm,79,158,318
dj_indep_qiskit_70.qasm,70,139,72
ghz_indep_qiskit_55.qasm,55,110,56
twolocalrandom_indep_qiskit_113.qasm,113,226,454
dj_indep_qiskit_126.qasm,126,251,128
qpeexact_indep_qiskit_80.qasm,80,159,239
realamprandom_indep_qiskit_31.qasm,31,62,126
random_indep_qiskit_20.qasm,20,40,211
qft_indep_qiskit_20.qasm,20,60,41
su2random_indep_qiskit_80.qasm,80,160,322
qpeinexact_indep_qiskit_32.qasm,32,63,95
dj_indep_qiskit_27.qasm,27,53,29
ae_indep_qiskit_9.qasm,9,18,48
qnn_indep_qiskit_50.qasm,50,100,495
qftentangled_indep_qiskit_129.qasm,129,258,261
su2random_indep_qiskit_125.qasm,125,250,502
qftentangled_indep_qiskit_51.qasm,51,102,105
qft_indep_qiskit_77.qasm,77,231,155
qpeinexact_indep_qiskit_65.qasm,65,129,194
qwalk-noancilla_indep_qiskit_6.qasm,6,12,764
realamprandom_indep_qiskit_66.qasm,66,132,266
random_indep_qiskit_77.qasm,77,154,979
ae_indep_qiskit_123.qasm,123,246,732
ae_indep_qiskit_68.qasm,68,136,402
ae_indep_qiskit_87.qasm,87,174,516
qpeexact_indep_qiskit_38.qasm,38,75,113
qft_indep_qiskit_98.qasm,98,294,197
su2random_indep_qiskit_38.qasm,38,76,154
realamprandom_indep_qiskit_89.qasm,89,178,358
random_indep_qiskit_98.qasm,98,196,1259
wstate_indep_qiskit_129.qasm,129,258,259
qpeinexact_indep_qiskit_119.qasm,119,237,356
ghz_indep_qiskit_79.qasm,79,158,80
portfoliovqe_indep_qiskit_16.qasm,16,32,66
ghz_indep_qiskit_96.qasm,96,192,97
twolocalrandom_indep_qiskit_30.qasm,30,60,122
ghz_indep_qiskit_117.qasm,117,234,118
qpeexact_indep_qiskit_43.qasm,43,85,128
su2random_indep_qiskit_43.qasm,43,86,174
su2random_indep_qiskit_5.qasm,5,10,22
random_indep_qiskit_117.qasm,117,234,1592
graphstate_indep_qiskit_27.qasm,27,54,10
wstate_indep_qiskit_31.qasm,31,62,63
ae_indep_qiskit_13.qasm,13,26,72
qnn_indep_qiskit_122.qasm,122,244,1215
twolocalrandom_indep_qiskit_88.qasm,88,176,354
twolocalrandom_indep_qiskit_2.qasm,2,4,8
su2random_indep_qiskit_109.qasm,109,218,438
qftentangled_indep_qiskit_105.qasm,105,210,213
qnn_indep_qiskit_93.qasm,93,186,925
twolocalrandom_indep_qiskit_67.qasm,67,134,270
realamprandom_indep_qiskit_121.qasm,121,242,486
qpeexact_indep_qiskit_4.qasm,4,7,9
portfoliovqe_indep_qiskit_9.qasm,9,18,38
wstate_indep_qiskit_105.qasm,105,210,211
qftentangled_indep_qiskit_92.qasm,92,184,187
vqe_indep_qiskit_10.qasm,10,20,15
su2random_indep_qiskit_14.qasm,14,28,58
qpeexact_indep_qiskit_14.qasm,14,27,35
qpeexact_indep_qiskit_126.qasm,126,251,377
wstate_indep_qiskit_89.qasm,89,178,179
graphstate_indep_qiskit_70.qasm,70,140,8
wstate_indep_qiskit_66.qasm,66,132,133
ae_indep_qiskit_44.qasm,44,88,258
qpeinexact_indep_qiskit_49.qasm,49,97,146
qft_indep_qiskit_101.qasm,101,303,203
qftentangled_indep_qiskit_113.qasm,113,226,229
ghz_indep_qiskit_38.qasm,38,76,39
twolocalrandom_indep_qiskit_71.qasm,71,142,286
qnn_indep_qiskit_85.qasm,85,170,845
ghz_indep_qiskit_8.qasm,8,16,9
graphstate_indep_qiskit_89.qasm,89,178,10
qpeexact_indep_qiskit_130.qasm,130,259,389
qftentangled_indep_qiskit_84.qasm,84,168,171
wstate_indep_qiskit_113.qasm,113,226,227
qft_indep_qiskit_117.qasm,117,351,235
ae_indep_qiskit_119.qasm,119,238,708
ae_indep_qiskit_52.qasm,52,104,306
wstate_indep_qiskit_70.qasm,70,140,141
graphstate_indep_qiskit_66.qasm,66,132,9
pricingput_indep_qiskit_13.qasm,13,26,205
qnn_indep_qiskit_9.qasm,9,18,85
twolocalrandom_indep_qiskit_129.qasm,129,258,518
twolocalrandom_indep_qiskit_26.qasm,26,52,106
ghz_indep_qiskit_80.qasm,80,160,81
qaoa_indep_qiskit_7.qasm,7,14,10
pricingcall_indep_qiskit_15.qasm,15,30,343
qwalk-noancilla_indep_qiskit_12.qasm,12,24,49004
su2random_indep_qiskit_55.qasm,55,110,222
qpeexact_indep_qiskit_55.qasm,55,109,164
ghz_indep_qiskit_101.qasm,101,202,102
wstate_indep_qiskit_27.qasm,27,54,55
graphstate_indep_qiskit_31.qasm,31,62,8
random_indep_qiskit_101.qasm,101,202,1424
graphstate_indep_qiskit_121.qasm,121,242,9
qnn_indep_qiskit_2.qasm,2,4,12
qpeinexact_indep_qiskit_104.qasm,104,207,311
qnn_indep_qiskit_36.qasm,36,72,355
twolocalrandom_indep_qiskit_122.qasm,122,244,490
ghz_indep_qiskit_64.qasm,64,128,65
dj_indep_qiskit_41.qasm,41,81,43
dj_indep_qiskit_117.qasm,117,233,119
qftentangled_indep_qiskit_37.qasm,37,74,77
graphstate_indep_qiskit_5.qasm,5,10,6
random_indep_qiskit_11.qasm,11,22,92
qft_indep_qiskit_11.qasm,11,33,23
su2random_indep_qiskit_114.qasm,114,228,458
ghz_indep_qiskit_33.qasm,33,66,34
twolocalrandom_indep_qiskit_95.qasm,95,190,382
qnn_indep_qiskit_61.qasm,61,122,605
qftentangled_indep_qiskit_118.qasm,118,236,239
dj_indep_qiskit_16.qasm,16,31,18
ghz_indep_qiskit_3.qasm,3,6,4
wstate_indep_qiskit_94.qasm,94,188,189
graphstate_indep_qiskit_82.qasm,82,164,8
wstate_indep_qiskit_118.qasm,118,236,237
qft_indep_qiskit_46.qasm,46,138,93
qpeinexact_indep_qiskit_54.qasm,54,107,161
random_indep_qiskit_46.qasm,46,92,583
realamprandom_indep_qiskit_57.qasm,57,114,230
qftentangled_indep_qiskit_60.qasm,60,120,123
ae_indep_qiskit_59.qasm,59,118,348
ae_indep_qiskit_112.qasm,112,224,666
qnn_indep_qiskit_129.qasm,129,258,1285
qnn_indep_qiskit_77.qasm,77,154,765
twolocalrandom_indep_qiskit_83.qasm,83,166,334
twolocalrandom_indep_qiskit_9.qasm,9,18,38
ghz_indep_qiskit_25.qasm,25,50,26
su2random_indep_qiskit_102.qasm,102,204,410
qnn_indep_qiskit_98.qasm,98,196,975
qftentangled_indep_qiskit_99.qasm,99,198,201
graphstate_indep_qiskit_94.qasm,94,188,9
wstate_indep_qiskit_82.qasm,82,164,165
qwalk-v-chain_indep_qiskit_21.qasm,21,42,614
ae_indep_qiskit_104.qasm,104,208,618
qaoa_indep_qiskit_14.qasm,14,28,10
qftentangled_indep_qiskit_76.qasm,76,152,155
realamprandom_indep_qiskit_41.qasm,41,82,166
random_indep_qiskit_50.qasm,50,100,605
qpeinexact_indep_qiskit_42.qasm,42,83,125
qft_indep_qiskit_50.qasm,50,150,101
qwalk-v-chain_indep_qiskit_5.qasm,5,10,38
ghz_indep_qiskit_72.qasm,72,144,73
qnn_indep_qiskit_20.qasm,20,40,195
qpeinexact_indep_qiskit_112.qasm,112,223,335
dj_indep_qiskit_57.qasm,57,113,59
qpeexact_indep_qiskit_48.qasm,48,95,143
su2random_indep_qiskit_48.qasm,48,96,194
qpeinexact_indep_qiskit_15.qasm,15,29,44
realamprandom_indep_qiskit_16.qasm,16,32,66
qftentangled_indep_qiskit_21.qasm,21,42,45
dj_indep_qiskit_5.qasm,5,9,7
dj_indep_qiskit_101.qasm,101,201,103
ae_indep_qiskit_18.qasm,18,36,102
realamprandom_indep_qiskit_106.qasm,106,212,426
ae_indep_qiskit_2.qasm,2,4,6
twolocalrandom_indep_qiskit_40.qasm,40,80,162
qftentangled_indep_qiskit_122.qasm,122,244,247
qnn_indep_qiskit_105.qasm,105,210,1045
qft_indep_qiskit_126.qasm,126,378,253
ae_indep_qiskit_63.qasm,63,126,372
graphstate_indep_qiskit_57.qasm,57,114,7
wstate_indep_qiskit_41.qasm,41,82,83
portfolioqaoa_indep_qiskit_13.qasm,13,39,55
ae_indep_qiskit_128.qasm,128,256,762
qpeexact_indep_qiskit_33.qasm,33,65,98
qpeexact_indep_qiskit_101.qasm,101,201,302
wstate_indep_qiskit_122.qasm,122,244,245
qpeinexact_indep_qiskit_81.qasm,81,161,242
qft_indep_qiskit_93.qasm,93,279,187
su2random_indep_qiskit_33.qasm,33,66,134
realamprandom_indep_qiskit_82.qasm,82,164,330
random_indep_qiskit_93.qasm,93,186,1220
twolocalrandom_indep_qiskit_17.qasm,17,34,70
dj_indep_qiskit_94.qasm,94,187,96
grover-noancilla_indep_qiskit_11.qasm,11,22,76677
grover-v-chain_indep_qiskit_4.qasm,4,8,34
twolocalrandom_indep_qiskit_118.qasm,118,236,474
ae_indep_qiskit_34.qasm,34,68,198
pricingcall_indep_qiskit_5.qasm,5,10,36
wstate_indep_qiskit_16.qasm,16,32,33
random_indep_qiskit_130.qasm,130,260,1804
graphstate_indep_qiskit_110.qasm,110,220,10
qpeinexact_indep_qiskit_39.qasm,39,77,116
su2random_indep_qiskit_64.qasm,64,128,258
ghz_indep_qiskit_130.qasm,130,260,131
qpeexact_indep_qiskit_64.qasm,64,127,191
ghz_indep_qiskit_48.qasm,48,96,49
qpeinexact_indep_qiskit_128.qasm,128,255,383
dj_indep_qiskit_82.qasm,82,163,84
graphstate_indep_qiskit_106.qasm,106,212,10
random_indep_qiskit_126.qasm,126,252,1729
graphstate_indep_qiskit_16.qasm,16,32,7
ae_indep_qiskit_22.qasm,22,44,126
qpeexact_indep_qiskit_72.qasm,72,143,215
ghz_indep_qiskit_126.qasm,126,252,127
su2random_indep_qiskit_72.qasm,72,144,290
twolocalrandom_indep_qiskit_56.qasm,56,112,226
realamprandom_indep_qiskit_110.qasm,110,220,442
qnn_indep_qiskit_113.qasm,113,226,1125
qpeinexact_indep_qiskit_6.qasm,6,11,17
wstate_indep_qiskit_57.qasm,57,114,115
graphstate_indep_qiskit_41.qasm,41,82,8
ae_indep_qiskit_75.qasm,75,150,444
qft_indep_qiskit_130.qasm,130,390,261
qpeinexact_indep_qiskit_78.qasm,78,155,233
random_indep_qiskit_85.qasm,85,170,1099
realamprandom_indep_qiskit_94.qasm,94,188,378
su2random_indep_qiskit_25.qasm,25,50,102
qft_indep_qiskit_85.qasm,85,255,171
qpeinexact_indep_qiskit_97.qasm,97,193,290
qpeexact_indep_qiskit_117.qasm,117,233,350
qpeexact_indep_qiskit_25.qasm,25,49,66
qpeexact_indep_qiskit_52.qasm,52,103,155
ghz_indep_qiskit_106.qasm,106,212,107
su2random_indep_qiskit_52.qasm,52,104,210
graphstate_indep_qiskit_9.qasm,9,18,6
graphstate_indep_qiskit_126.qasm,126,252,9
random_indep_qiskit_106.qasm,106,212,1492
wstate_indep_qiskit_20.qasm,20,40,41
graphstate_indep_qiskit_36.qasm,36,72,7
ghz_indep_qiskit_68.qasm,68,136,69
qpeinexact_indep_qiskit_108.qasm,108,215,323
groundstate_large_indep_qiskit_14.qasm,14,28,43
grover-noancilla_indep_qiskit_7.qasm,7,14,1124
ghz_indep_qiskit_87.qasm,87,174,88
twolocalrandom_indep_qiskit_21.qasm,21,42,86
wstate_indep_qiskit_114.qasm,114,228,229
qftentangled_indep_qiskit_83.qasm,83,166,169
wstate_indep_qiskit_98.qasm,98,196,197
portfolioqaoa_indep_qiskit_6.qasm,6,18,27
wstate_indep_qiskit_77.qasm,77,154,155
graphstate_indep_qiskit_61.qasm,61,122,10
ae_indep_qiskit_55.qasm,55,110,324
qft_indep_qiskit_110.qasm,110,330,221
qpeinexact_indep_qiskit_58.qasm,58,115,173
qftentangled_indep_qiskit_114.qasm,114,228,231
twolocalrandom_indep_qiskit_99.qasm,99,198,398
su2random_indep_qiskit_118.qasm,118,236,474
twolocalrandom_indep_qiskit_76.qasm,76,152,306
qnn_indep_qiskit_82.qasm,82,164,815
realamprandom_indep_qiskit_130.qasm,130,260,522
qpeexact_indep_qiskit_13.qasm,13,25,34
graphstate_indep_qiskit_98.qasm,98,196,8
qpeexact_indep_qiskit_121.qasm,121,241,362
qftentangled_indep_qiskit_95.qasm,95,190,193
wstate_indep_qiskit_102.qasm,102,204,205
su2random_indep_qiskit_13.qasm,13,26,54
qft_indep_qiskit_106.qasm,106,318,213
ae_indep_qiskit_43.qasm,43,86,252
graphstate_indep_qiskit_77.qasm,77,154,8
wstate_indep_qiskit_61.qasm,61,122,123
ae_indep_qiskit_108.qasm,108,216,642
ghz_indep_qiskit_29.qasm,29,58,30
twolocalrandom_indep_qiskit_5.qasm,5,10,22
qftentangled_indep_qiskit_102.qasm,102,204,207
qnn_indep_qiskit_125.qasm,125,250,1245
realamprandom_indep_qiskit_126.qasm,126,252,506
qpeexact_indep_qiskit_3.qasm,3,5,7
qnn_indep_qiskit_94.qasm,94,188,935
twolocalrandom_indep_qiskit_60.qasm,60,120,242
su2random_indep_qiskit_44.qasm,44,88,178
su2random_indep_qiskit_2.qasm,2,4,8
ghz_indep_qiskit_110.qasm,110,220,111
qpeexact_indep_qiskit_44.qasm,44,87,131
ae_indep_qiskit_14.qasm,14,28,78
graphstate_indep_qiskit_20.qasm,20,40,7
dj_indep_qiskit_9.qasm,9,17,11
wstate_indep_qiskit_36.qasm,36,72,73
random_indep_qiskit_110.qasm,110,220,1459
graphstate_indep_qiskit_130.qasm,130,260,9
qpeinexact_indep_qiskit_19.qasm,19,37,56
portfoliovqe_indep_qiskit_11.qasm,11,22,46
qwalk-v-chain_indep_qiskit_9.qasm,9,18,110
twolocalrandom_indep_qiskit_37.qasm,37,74,150
ghz_indep_qiskit_91.qasm,91,182,92
ae_indep_qiskit_124.qasm,124,248,738
realamprandom_indep_qiskit_7.qasm,7,14,30
qftentangled_indep_qiskit_56.qasm,56,112,115
realamprandom_indep_qiskit_61.qasm,61,122,246
random_indep_qiskit_70.qasm,70,140,922
qpeinexact_indep_qiskit_62.qasm,62,123,185
qft_indep_qiskit_70.qasm,70,210,141
ae_indep_qiskit_80.qasm,80,160,474
dj_indep_qiskit_20.qasm,20,39,22
qnn_indep_qiskit_109.qasm,109,218,1085
qnn_indep_qiskit_57.qasm,57,114,565
su2random_indep_qiskit_122.qasm,122,244,490
qpeinexact_indep_qiskit_35.qasm,35,69,104
qft_indep_qiskit_27.qasm,27,81,55
su2random_indep_qiskit_87.qasm,87,174,350
realamprandom_indep_qiskit_36.qasm,36,72,146
random_indep_qiskit_27.qasm,27,54,320
pricingcall_indep_qiskit_9.qasm,9,18,83
dj_indep_qiskit_121.qasm,121,241,123
ae_indep_qiskit_38.qasm,38,76,222
qpeexact_indep_qiskit_87.qasm,87,173,260
qpeexact_indep_qiskit_68.qasm,68,135,203
su2random_indep_qiskit_68.qasm,68,136,274
dj_indep_qiskit_77.qasm,77,153,79
ghz_indep_qiskit_52.qasm,52,104,53
twolocalrandom_indep_qiskit_114.qasm,114,228,458
dj_indep_qiskit_98.qasm,98,195,100
qpeexact_indep_qiskit_91.qasm,91,181,272
qftentangled_indep_qiskit_17.qasm,17,34,37
random_indep_qiskit_31.qasm,31,62,360
realamprandom_indep_qiskit_20.qasm,20,40,82
su2random_indep_qiskit_91.qasm,91,182,366
qft_indep_qiskit_31.qasm,31,93,63
qpeinexact_indep_qiskit_23.qasm,23,45,68
dj_indep_qiskit_61.qasm,61,121,63
qpeinexact_indep_qiskit_124.qasm,124,247,371
qnn_indep_qiskit_16.qasm,16,32,155
twolocalrandom_indep_qiskit_102.qasm,102,204,410
ghz_indep_qiskit_44.qasm,44,88,45
qft_indep_qiskit_66.qasm,66,198,133
qpeinexact_indep_qiskit_74.qasm,74,147,221
random_indep_qiskit_66.qasm,66,132,848
realamprandom_indep_qiskit_77.qasm,77,154,310
qftentangled_indep_qiskit_40.qasm,40,80,83
ae_indep_qiskit_79.qasm,79,158,468
qpeexact_indep_qiskit_29.qasm,29,57,86
qwalk-v-chain_indep_qiskit_17.qasm,17,34,398
ae_indep_qiskit_96.qasm,96,192,570
su2random_indep_qiskit_29.qasm,29,58,118
qft_indep_qiskit_89.qasm,89,267,179
random_indep_qiskit_89.qasm,89,178,1151
realamprandom_indep_qiskit_98.qasm,98,196,394
dj_indep_qiskit_36.qasm,36,71,38
tsp_indep_qiskit_9.qasm,9,18,23
ghz_indep_qiskit_13.qasm,13,26,14
qnn_indep_qiskit_41.qasm,41,82,405
dj_indep_qiskit_37.qasm,37,73,39
ghz_indep_qiskit_12.qasm,12,24,13
qnn_indep_qiskit_40.qasm,40,80,395
qpeinexact_indep_qiskit_75.qasm,75,149,224
qft_indep_qiskit_67.qasm,67,201,135
random_indep_qiskit_67.qasm,67,134,876
realamprandom_indep_qiskit_76.qasm,76,152,306
qftentangled_indep_qiskit_41.qasm,41,82,85
ae_indep_qiskit_78.qasm,78,156,462
qpeexact_indep_qiskit_28.qasm,28,55,81
ae_indep_qiskit_97.qasm,97,194,576
su2random_indep_qiskit_28.qasm,28,56,114
qft_indep_qiskit_88.qasm,88,264,177
random_indep_qiskit_88.qasm,88,176,1091
realamprandom_indep_qiskit_99.qasm,99,198,398
dj_indep_qiskit_60.qasm,60,119,62
qpeinexact_indep_qiskit_125.qasm,125,249,374
qnn_indep_qiskit_17.qasm,17,34,165
twolocalrandom_indep_qiskit_103.qasm,103,206,414
ghz_indep_qiskit_45.qasm,45,90,46
qpeexact_indep_qiskit_90.qasm,90,179,269
qftentangled_indep_qiskit_16.qasm,16,32,35
random_indep_qiskit_30.qasm,30,60,312
realamprandom_indep_qiskit_21.qasm,21,42,86
qpeinexact_indep_qiskit_22.qasm,22,43,65
su2random_indep_qiskit_90.qasm,90,180,362
qft_indep_qiskit_30.qasm,30,90,61
dj_indep_qiskit_76.qasm,76,151,78
ghz_indep_qiskit_53.qasm,53,106,54
grover-v-chain_indep_qiskit_9.qasm,9,18,801
twolocalrandom_indep_qiskit_115.qasm,115,230,462
dj_indep_qiskit_99.qasm,99,197,101
qft_indep_qiskit_26.qasm,26,78,53
su2random_indep_qiskit_86.qasm,86,172,346
qpeinexact_indep_qiskit_34.qasm,34,67,101
realamprandom_indep_qiskit_37.qasm,37,74,150
random_indep_qiskit_26.qasm,26,52,297
ae_indep_qiskit_39.qasm,39,78,228
dj_indep_qiskit_120.qasm,120,239,122
qpeexact_indep_qiskit_86.qasm,86,171,257
qpeexact_indep_qiskit_69.qasm,69,137,206
su2random_indep_qiskit_69.qasm,69,138,278
dj_indep_qiskit_21.qasm,21,41,23
qnn_indep_qiskit_108.qasm,108,216,1075
qnn_indep_qiskit_56.qasm,56,112,555
su2random_indep_qiskit_123.qasm,123,246,494
realamprandom_indep_qiskit_6.qasm,6,12,26
ae_indep_qiskit_125.qasm,125,250,744
qftentangled_indep_qiskit_57.qasm,57,114,117
realamprandom_indep_qiskit_60.qasm,60,120,242
random_indep_qiskit_71.qasm,71,142,907
qft_indep_qiskit_71.qasm,71,213,143
qpeinexact_indep_qiskit_63.qasm,63,125,188
ae_indep_qiskit_81.qasm,81,162,480
portfoliovqe_indep_qiskit_10.qasm,10,20,42
twolocalrandom_indep_qiskit_36.qasm,36,72,146
ghz_indep_qiskit_90.qasm,90,180,91
pricingput_indep_qiskit_5.qasm,5,10,36
su2random_indep_qiskit_45.qasm,45,90,182
su2random_indep_qiskit_3.qasm,3,6,14
ghz_indep_qiskit_111.qasm,111,222,112
qpeexact_indep_qiskit_45.qasm,45,89,134
dj_indep_qiskit_8.qasm,8,15,10
graphstate_indep_qiskit_21.qasm,21,42,8
wstate_indep_qiskit_37.qasm,37,74,75
ae_indep_qiskit_15.qasm,15,30,84
random_indep_qiskit_111.qasm,111,222,1484
qpeinexact_indep_qiskit_18.qasm,18,35,53
ghz_indep_qiskit_28.qasm,28,56,29
twolocalrandom_indep_qiskit_4.qasm,4,8,18
qftentangled_indep_qiskit_103.qasm,103,206,209
qnn_indep_qiskit_124.qasm,124,248,1235
realamprandom_indep_qiskit_127.qasm,127,254,510
qpeexact_indep_qiskit_2.qasm,2,3,4
qnn_indep_qiskit_95.qasm,95,190,945
twolocalrandom_indep_qiskit_61.qasm,61,122,246
qpeexact_indep_qiskit_12.qasm,12,23,33
graphstate_indep_qiskit_99.qasm,99,198,11
qpeexact_indep_qiskit_120.qasm,120,239,359
qftentangled_indep_qiskit_94.qasm,94,188,191
vqe_indep_qiskit_16.qasm,16,32,21
wstate_indep_qiskit_103.qasm,103,206,207
su2random_indep_qiskit_12.qasm,12,24,50
qft_indep_qiskit_107.qasm,107,321,215
graphstate_indep_qiskit_76.qasm,76,152,8
wstate_indep_qiskit_60.qasm,60,120,121
ae_indep_qiskit_42.qasm,42,84,246
ae_indep_qiskit_109.qasm,109,218,648
qftentangled_indep_qiskit_115.qasm,115,230,233
twolocalrandom_indep_qiskit_98.qasm,98,196,394
su2random_indep_qiskit_119.qasm,119,238,478
twolocalrandom_indep_qiskit_77.qasm,77,154,310
qnn_indep_qiskit_83.qasm,83,166,825
wstate_indep_qiskit_115.qasm,115,230,231
qftentangled_indep_qiskit_82.qasm,82,164,167
wstate_indep_qiskit_99.qasm,99,198,199
portfolioqaoa_indep_qiskit_7.qasm,7,21,31
ae_indep_qiskit_54.qasm,54,108,318
wstate_indep_qiskit_76.qasm,76,152,153
graphstate_indep_qiskit_60.qasm,60,120,9
qft_indep_qiskit_111.qasm,111,333,223
qpeinexact_indep_qiskit_59.qasm,59,117,176
ghz_indep_qiskit_69.qasm,69,138,70
qpeinexact_indep_qiskit_109.qasm,109,217,326
pricingput_indep_qiskit_15.qasm,15,30,347
pricingcall_indep_qiskit_13.qasm,13,26,203
grover-noancilla_indep_qiskit_6.qasm,6,12,402
ghz_indep_qiskit_86.qasm,86,172,87
twolocalrandom_indep_qiskit_20.qasm,20,40,82
qpeexact_indep_qiskit_53.qasm,53,105,158
ghz_indep_qiskit_107.qasm,107,214,108
su2random_indep_qiskit_53.qasm,53,106,214
graphstate_indep_qiskit_8.qasm,8,16,6
graphstate_indep_qiskit_127.qasm,127,254,10
random_indep_qiskit_107.qasm,107,214,1408
wstate_indep_qiskit_21.qasm,21,42,43
graphstate_indep_qiskit_37.qasm,37,74,7
ae_indep_qiskit_74.qasm,74,148,438
wstate_indep_qiskit_56.qasm,56,112,113
graphstate_indep_qiskit_40.qasm,40,80,8
qpeinexact_indep_qiskit_79.qasm,79,157,236
random_indep_qiskit_84.qasm,84,168,1093
realamprandom_indep_qiskit_95.qasm,95,190,382
qpeinexact_indep_qiskit_96.qasm,96,191,287
su2random_indep_qiskit_24.qasm,24,48,98
qft_indep_qiskit_84.qasm,84,252,169
qpeexact_indep_qiskit_116.qasm,116,231,347
qpeexact_indep_qiskit_24.qasm,24,47,65
twolocalrandom_indep_qiskit_57.qasm,57,114,230
tsp_indep_qiskit_4.qasm,4,8,18
tsp_indep_qiskit_16.qasm,16,32,30
realamprandom_indep_qiskit_111.qasm,111,222,446
qnn_indep_qiskit_112.qasm,112,224,1115
qpeinexact_indep_qiskit_7.qasm,7,13,20
graphstate_indep_qiskit_107.qasm,107,214,7
random_indep_qiskit_127.qasm,127,254,1704
ae_indep_qiskit_23.qasm,23,46,132
graphstate_indep_qiskit_17.qasm,17,34,8
qpeexact_indep_qiskit_73.qasm,73,145,218
ghz_indep_qiskit_127.qasm,127,254,128
su2random_indep_qiskit_73.qasm,73,146,294
ghz_indep_qiskit_49.qasm,49,98,50
qpeinexact_indep_qiskit_129.qasm,129,257,386
dj_indep_qiskit_83.qasm,83,165,85
grover-v-chain_indep_qiskit_13.qasm,13,26,6255
wstate_indep_qiskit_17.qasm,17,34,35
ae_indep_qiskit_35.qasm,35,70,204
graphstate_indep_qiskit_111.qasm,111,222,8
qpeinexact_indep_qiskit_38.qasm,38,75,113
su2random_indep_qiskit_65.qasm,65,130,262
qpeexact_indep_qiskit_65.qasm,65,129,194
twolocalrandom_indep_qiskit_16.qasm,16,32,66
pricingcall_indep_qiskit_25.qasm,25,50,7429
dj_indep_qiskit_95.qasm,95,189,97
pricingput_indep_qiskit_23.qasm,23,46,4097
grover-noancilla_indep_qiskit_10.qasm,10,20,26029
grover-v-chain_indep_qiskit_5.qasm,5,10,102
twolocalrandom_indep_qiskit_119.qasm,119,238,478
qft_indep_qiskit_127.qasm,127,381,255
graphstate_indep_qiskit_56.qasm,56,112,8
wstate_indep_qiskit_40.qasm,40,80,81
ae_indep_qiskit_62.qasm,62,124,366
ae_indep_qiskit_129.qasm,129,258,768
portfolioqaoa_indep_qiskit_12.qasm,12,36,51
qpeexact_indep_qiskit_32.qasm,32,63,95
qpeexact_indep_qiskit_100.qasm,100,199,299
wstate_indep_qiskit_123.qasm,123,246,247
qft_indep_qiskit_92.qasm,92,276,185
su2random_indep_qiskit_32.qasm,32,64,130
qpeinexact_indep_qiskit_80.qasm,80,159,239
realamprandom_indep_qiskit_83.qasm,83,166,334
random_indep_qiskit_92.qasm,92,184,1215
realamprandom_indep_qiskit_107.qasm,107,214,430
ae_indep_qiskit_3.qasm,3,6,12
twolocalrandom_indep_qiskit_41.qasm,41,82,166
qftentangled_indep_qiskit_123.qasm,123,246,249
qnn_indep_qiskit_104.qasm,104,208,1035
qpeexact_indep_qiskit_49.qasm,49,97,146
su2random_indep_qiskit_49.qasm,49,98,198
qpeinexact_indep_qiskit_14.qasm,14,27,41
realamprandom_indep_qiskit_17.qasm,17,34,70
qftentangled_indep_qiskit_20.qasm,20,40,43
ae_indep_qiskit_19.qasm,19,38,108
dj_indep_qiskit_4.qasm,4,7,6
dj_indep_qiskit_100.qasm,100,199,102
ghz_indep_qiskit_73.qasm,73,146,74
qnn_indep_qiskit_21.qasm,21,42,205
qpeinexact_indep_qiskit_113.qasm,113,225,338
dj_indep_qiskit_56.qasm,56,111,58
pricingput_indep_qiskit_9.qasm,9,18,84
portfoliovqe_indep_qiskit_3.qasm,3,6,14
qftentangled_indep_qiskit_98.qasm,98,196,199
graphstate_indep_qiskit_95.qasm,95,190,7
wstate_indep_qiskit_83.qasm,83,166,167
qaoa_indep_qiskit_15.qasm,15,30,11
ae_indep_qiskit_105.qasm,105,210,624
qftentangled_indep_qiskit_77.qasm,77,154,157
realamprandom_indep_qiskit_40.qasm,40,80,162
random_indep_qiskit_51.qasm,51,102,562
qft_indep_qiskit_51.qasm,51,153,103
qpeinexact_indep_qiskit_43.qasm,43,85,128
qnn_indep_qiskit_128.qasm,128,256,1275
qnn_indep_qiskit_76.qasm,76,152,755
twolocalrandom_indep_qiskit_82.qasm,82,164,330
twolocalrandom_indep_qiskit_8.qasm,8,16,34
ghz_indep_qiskit_24.qasm,24,48,25
su2random_indep_qiskit_103.qasm,103,206,414
qnn_indep_qiskit_99.qasm,99,198,985
wstate_indep_qiskit_95.qasm,95,190,191
graphstate_indep_qiskit_83.qasm,83,166,9
wstate_indep_qiskit_119.qasm,119,238,239
qpeinexact_indep_qiskit_55.qasm,55,109,164
qft_indep_qiskit_47.qasm,47,141,95
random_indep_qiskit_47.qasm,47,94,579
realamprandom_indep_qiskit_56.qasm,56,112,226
qftentangled_indep_qiskit_61.qasm,61,122,125
ae_indep_qiskit_58.qasm,58,116,342
ae_indep_qiskit_113.qasm,113,226,672
su2random_indep_qiskit_115.qasm,115,230,462
ghz_indep_qiskit_32.qasm,32,64,33
twolocalrandom_indep_qiskit_94.qasm,94,188,378
qnn_indep_qiskit_60.qasm,60,120,595
qftentangled_indep_qiskit_119.qasm,119,238,241
dj_indep_qiskit_17.qasm,17,33,19
ghz_indep_qiskit_2.qasm,2,4,3
dj_indep_qiskit_116.qasm,116,231,118
graphstate_indep_qiskit_4.qasm,4,8,5
qftentangled_indep_qiskit_36.qasm,36,72,75
random_indep_qiskit_10.qasm,10,20,56
qft_indep_qiskit_10.qasm,10,30,21
pricingput_indep_qiskit_19.qasm,19,38,1143
qnn_indep_qiskit_3.qasm,3,6,25
qpeinexact_indep_qiskit_105.qasm,105,209,314
qnn_indep_qiskit_37.qasm,37,74,365
twolocalrandom_indep_qiskit_123.qasm,123,246,494
ghz_indep_qiskit_65.qasm,65,130,66
dj_indep_qiskit_40.qasm,40,79,42
qpeexact_indep_qiskit_115.qasm,115,229,344
ae_indep_qiskit_98.qasm,98,196,582
qwalk-v-chain_indep_qiskit_19.qasm,19,38,500
qpeexact_indep_qiskit_27.qasm,27,53,80
realamprandom_indep_qiskit_96.qasm,96,192,386
random_indep_qiskit_87.qasm,87,174,1144
qpeinexact_indep_qiskit_95.qasm,95,189,284
qft_indep_qiskit_87.qasm,87,261,175
su2random_indep_qiskit_27.qasm,27,54,110
realamprandom_indep_qiskit_79.qasm,79,158,318
random_indep_qiskit_68.qasm,68,136,891
qft_indep_qiskit_68.qasm,68,204,137
ae_indep_qiskit_77.qasm,77,154,456
graphstate_indep_qiskit_43.qasm,43,86,8
wstate_indep_qiskit_55.qasm,55,110,111
qnn_indep_qiskit_111.qasm,111,222,1105
qpeinexact_indep_qiskit_4.qasm,4,7,11
realamprandom_indep_qiskit_112.qasm,112,224,450
dj_indep_qiskit_38.qasm,38,75,40
twolocalrandom_indep_qiskit_54.qasm,54,108,218
su2random_indep_qiskit_70.qasm,70,140,282
qpeexact_indep_qiskit_70.qasm,70,139,209
ghz_indep_qiskit_124.qasm,124,248,125
ae_indep_qiskit_20.qasm,20,40,114
graphstate_indep_qiskit_14.qasm,14,28,7
qftentangled_indep_qiskit_19.qasm,19,38,41
graphstate_indep_qiskit_104.qasm,104,208,9
random_indep_qiskit_124.qasm,124,248,1702
dj_indep_qiskit_80.qasm,80,159,82
qnn_indep_qiskit_18.qasm,18,36,175
qpeexact_indep_qiskit_66.qasm,66,131,197
su2random_indep_qiskit_66.qasm,66,132,266
graphstate_indep_qiskit_112.qasm,112,224,8
random_indep_qiskit_29.qasm,29,58,310
realamprandom_indep_qiskit_38.qasm,38,76,154
su2random_indep_qiskit_89.qasm,89,178,358
qft_indep_qiskit_29.qasm,29,87,59
qpeexact_indep_qiskit_89.qasm,89,177,266
wstate_indep_qiskit_14.qasm,14,28,29
pricingcall_indep_qiskit_7.qasm,7,14,56
ae_indep_qiskit_36.qasm,36,72,210
dj_indep_qiskit_96.qasm,96,191,98
dj_indep_qiskit_79.qasm,79,157,81
twolocalrandom_indep_qiskit_15.qasm,15,30,62
wstate_indep_qiskit_120.qasm,120,240,241
su2random_indep_qiskit_31.qasm,31,62,126
qft_indep_qiskit_91.qasm,91,273,183
qpeinexact_indep_qiskit_83.qasm,83,165,248
random_indep_qiskit_91.qasm,91,182,1231
realamprandom_indep_qiskit_80.qasm,80,160,322
qpeexact_indep_qiskit_31.qasm,31,61,88
qpeexact_indep_qiskit_103.qasm,103,205,308
wstate_indep_qiskit_43.qasm,43,86,87
graphstate_indep_qiskit_55.qasm,55,110,7
ae_indep_qiskit_61.qasm,61,122,360
portfolioqaoa_indep_qiskit_11.qasm,11,33,47
realamprandom_indep_qiskit_9.qasm,9,18,38
qft_indep_qiskit_124.qasm,124,372,249
qftentangled_indep_qiskit_58.qasm,58,116,119
random_indep_qiskit_2.qasm,2,4,12
qnn_indep_qiskit_107.qasm,107,214,1065
qnn_indep_qiskit_59.qasm,59,118,585
qftentangled_indep_qiskit_120.qasm,120,240,243
twolocalrandom_indep_qiskit_42.qasm,42,84,170
realamprandom_indep_qiskit_104.qasm,104,208,418
dj_indep_qiskit_103.qasm,103,205,105
wstate_indep_qiskit_38.qasm,38,76,77
dj_indep_qiskit_7.qasm,7,13,9
qpeinexact_indep_qiskit_17.qasm,17,33,50
realamprandom_indep_qiskit_14.qasm,14,28,58
qftentangled_indep_qiskit_23.qasm,23,46,49
twolocalrandom_indep_qiskit_39.qasm,39,78,158
dj_indep_qiskit_55.qasm,55,109,57
ghz_indep_qiskit_70.qasm,70,140,71
qwalk-v-chain_indep_qiskit_7.qasm,7,14,68
qnn_indep_qiskit_22.qasm,22,44,215
qpeinexact_indep_qiskit_110.qasm,110,219,329
qft_indep_qiskit_108.qasm,108,324,217
qftentangled_indep_qiskit_74.qasm,74,148,151
random_indep_qiskit_52.qasm,52,104,663
realamprandom_indep_qiskit_43.qasm,43,86,174
qft_indep_qiskit_52.qasm,52,156,105
qpeinexact_indep_qiskit_40.qasm,40,79,119
qaoa_indep_qiskit_16.qasm,16,32,11
ae_indep_qiskit_106.qasm,106,212,630
graphstate_indep_qiskit_79.qasm,79,158,7
wstate_indep_qiskit_80.qasm,80,160,161
graphstate_indep_qiskit_96.qasm,96,192,9
qwalk-v-chain_indep_qiskit_23.qasm,23,46,740
realamprandom_indep_qiskit_128.qasm,128,256,514
qnn_indep_qiskit_75.qasm,75,150,745
twolocalrandom_indep_qiskit_81.qasm,81,162,326
su2random_indep_qiskit_100.qasm,100,200,402
ghz_indep_qiskit_27.qasm,27,54,28
wstate_indep_qiskit_79.qasm,79,158,159
portfolioqaoa_indep_qiskit_8.qasm,8,24,35
ae_indep_qiskit_110.qasm,110,220,654
qft_indep_qiskit_3.qasm,3,9,7
qpeinexact_indep_qiskit_56.qasm,56,111,167
qft_indep_qiskit_44.qasm,44,132,89
realamprandom_indep_qiskit_55.qasm,55,110,222
random_indep_qiskit_44.qasm,44,88,559
qftentangled_indep_qiskit_62.qasm,62,124,127
graphstate_indep_qiskit_80.qasm,80,160,8
wstate_indep_qiskit_96.qasm,96,192,193
twolocalrandom_indep_qiskit_78.qasm,78,156,314
dj_indep_qiskit_14.qasm,14,27,16
ghz_indep_qiskit_31.qasm,31,62,32
su2random_indep_qiskit_116.qasm,116,232,466
twolocalrandom_indep_qiskit_97.qasm,97,194,390
qnn_indep_qiskit_63.qasm,63,126,625
random_indep_qiskit_108.qasm,108,216,1473
graphstate_indep_qiskit_128.qasm,128,256,9
graphstate_indep_qiskit_7.qasm,7,14,5
qftentangled_indep_qiskit_35.qasm,35,70,73
wstate_indep_qiskit_3.qasm,3,6,7
random_indep_qiskit_13.qasm,13,26,141
qft_indep_qiskit_13.qasm,13,39,27
graphstate_indep_qiskit_38.qasm,38,76,7
dj_indep_qiskit_115.qasm,115,229,117
ghz_indep_qiskit_108.qasm,108,216,109
grover-noancilla_indep_qiskit_9.qasm,9,18,9158
dj_indep_qiskit_43.qasm,43,85,45
ghz_indep_qiskit_89.qasm,89,178,90
qpeinexact_indep_qiskit_106.qasm,106,211,317
qnn_indep_qiskit_34.qasm,34,68,335
ghz_indep_qiskit_66.qasm,66,132,67
twolocalrandom_indep_qiskit_120.qasm,120,240,482
qpeinexact_indep_qiskit_8.qasm,8,15,23
ghz_indep_qiskit_11.qasm,11,22,12
qnn_indep_qiskit_43.qasm,43,86,425
twolocalrandom_indep_qiskit_58.qasm,58,116,234
dj_indep_qiskit_34.qasm,34,67,36
qpeinexact_indep_qiskit_99.qasm,99,197,296
qwalk-v-chain_indep_qiskit_15.qasm,15,30,308
ae_indep_qiskit_94.qasm,94,188,558
qpeexact_indep_qiskit_119.qasm,119,237,356
wstate_indep_qiskit_59.qasm,59,118,119
ae_indep_qiskit_130.qasm,130,260,774
qpeinexact_indep_qiskit_76.qasm,76,151,227
qft_indep_qiskit_64.qasm,64,192,129
realamprandom_indep_qiskit_75.qasm,75,150,302
random_indep_qiskit_64.qasm,64,128,855
qftentangled_indep_qiskit_42.qasm,42,84,87
qftentangled_indep_qiskit_2.qasm,2,4,7
qpeinexact_indep_qiskit_126.qasm,126,251,377
qnn_indep_qiskit_14.qasm,14,28,135
ghz_indep_qiskit_46.qasm,46,92,47
twolocalrandom_indep_qiskit_100.qasm,100,200,402
dj_indep_qiskit_63.qasm,63,125,65
ghz_indep_qiskit_128.qasm,128,256,129
random_indep_qiskit_128.qasm,128,256,1710
graphstate_indep_qiskit_108.qasm,108,216,9
qftentangled_indep_qiskit_15.qasm,15,30,33
realamprandom_indep_qiskit_22.qasm,22,44,90
random_indep_qiskit_33.qasm,33,66,352
qpeinexact_indep_qiskit_21.qasm,21,41,62
qft_indep_qiskit_33.qasm,33,99,67
su2random_indep_qiskit_93.qasm,93,186,374
qpeexact_indep_qiskit_93.qasm,93,185,278
graphstate_indep_qiskit_18.qasm,18,36,7
twolocalrandom_indep_qiskit_116.qasm,116,232,466
ghz_indep_qiskit_50.qasm,50,100,51
qpeinexact_indep_qiskit_130.qasm,130,259,389
twolocalrandom_indep_qiskit_19.qasm,19,38,78
dj_indep_qiskit_75.qasm,75,149,77
dj_indep_qiskit_123.qasm,123,245,125
wstate_indep_qiskit_18.qasm,18,36,37
qpeexact_indep_qiskit_85.qasm,85,169,254
su2random_indep_qiskit_85.qasm,85,170,342
qft_indep_qiskit_25.qasm,25,75,51
qpeinexact_indep_qiskit_37.qasm,37,73,110
random_indep_qiskit_25.qasm,25,50,266
realamprandom_indep_qiskit_34.qasm,34,68,138
qnn_indep_qiskit_55.qasm,55,110,545
su2random_indep_qiskit_120.qasm,120,240,482
realamprandom_indep_qiskit_108.qasm,108,216,434
dj_indep_qiskit_22.qasm,22,43,24
ae_indep_qiskit_82.qasm,82,164,486
qftentangled_indep_qiskit_54.qasm,54,108,111
qft_indep_qiskit_128.qasm,128,384,257
random_indep_qiskit_72.qasm,72,144,942
realamprandom_indep_qiskit_63.qasm,63,126,254
qft_indep_qiskit_72.qasm,72,216,145
qpeinexact_indep_qiskit_60.qasm,60,119,179
qwalk-noancilla_indep_qiskit_3.qasm,3,6,20
realamprandom_indep_qiskit_5.qasm,5,10,22
ae_indep_qiskit_126.qasm,126,252,750
graphstate_indep_qiskit_59.qasm,59,118,11
dj_indep_qiskit_59.qasm,59,117,61
twolocalrandom_indep_qiskit_35.qasm,35,70,142
ghz_indep_qiskit_93.qasm,93,186,94
portfoliovqe_indep_qiskit_13.qasm,13,26,54
random_indep_qiskit_112.qasm,112,224,1520
realamprandom_indep_qiskit_18.qasm,18,36,74
wstate_indep_qiskit_34.qasm,34,68,69
graphstate_indep_qiskit_22.qasm,22,44,8
ae_indep_qiskit_16.qasm,16,32,90
ghz_indep_qiskit_112.qasm,112,224,113
qpeexact_indep_qiskit_46.qasm,46,91,137
su2random_indep_qiskit_46.qasm,46,92,186
qnn_indep_qiskit_96.qasm,96,192,955
twolocalrandom_indep_qiskit_62.qasm,62,124,250
realamprandom_indep_qiskit_124.qasm,124,248,498
qnn_indep_qiskit_127.qasm,127,254,1265
twolocalrandom_indep_qiskit_7.qasm,7,14,30
qnn_indep_qiskit_79.qasm,79,158,785
qftentangled_indep_qiskit_100.qasm,100,200,203
wstate_indep_qiskit_63.qasm,63,126,127
graphstate_indep_qiskit_75.qasm,75,150,9
ae_indep_qiskit_41.qasm,41,82,240
qftentangled_indep_qiskit_78.qasm,78,156,159
qft_indep_qiskit_104.qasm,104,312,209
vqe_indep_qiskit_15.qasm,15,30,20
qftentangled_indep_qiskit_97.qasm,97,194,197
wstate_indep_qiskit_100.qasm,100,200,201
su2random_indep_qiskit_11.qasm,11,22,46
qpeexact_indep_qiskit_11.qasm,11,21,32
qpeexact_indep_qiskit_123.qasm,123,245,368
dj_indep_qiskit_18.qasm,18,35,20
twolocalrandom_indep_qiskit_74.qasm,74,148,298
qnn_indep_qiskit_80.qasm,80,160,795
qftentangled_indep_qiskit_116.qasm,116,232,235
qft_indep_qiskit_112.qasm,112,336,225
realamprandom_indep_qiskit_59.qasm,59,118,238
random_indep_qiskit_48.qasm,48,96,601
qft_indep_qiskit_48.qasm,48,144,97
portfolioqaoa_indep_qiskit_4.qasm,4,12,19
ae_indep_qiskit_57.qasm,57,114,336
graphstate_indep_qiskit_63.qasm,63,126,8
wstate_indep_qiskit_75.qasm,75,150,151
wstate_indep_qiskit_116.qasm,116,232,233
qftentangled_indep_qiskit_81.qasm,81,162,165
ghz_indep_qiskit_85.qasm,85,170,86
twolocalrandom_indep_qiskit_23.qasm,23,46,94
grover-noancilla_indep_qiskit_5.qasm,5,10,170
qnn_indep_qiskit_38.qasm,38,76,375
graphstate_indep_qiskit_34.qasm,34,68,9
dj_indep_qiskit_119.qasm,119,237,121
wstate_indep_qiskit_22.qasm,22,44,45
qftentangled_indep_qiskit_39.qasm,39,78,81
graphstate_indep_qiskit_124.qasm,124,248,11
random_indep_qiskit_104.qasm,104,208,1421
su2random_indep_qiskit_50.qasm,50,100,202
qpeexact_indep_qiskit_50.qasm,50,99,149
ghz_indep_qiskit_104.qasm,104,208,105
graphstate_indep_qiskit_35.qasm,35,70,7
dj_indep_qiskit_118.qasm,118,235,120
wstate_indep_qiskit_23.qasm,23,46,47
graphstate_indep_qiskit_125.qasm,125,250,9
qftentangled_indep_qiskit_38.qasm,38,76,79
random_indep_qiskit_105.qasm,105,210,1371
su2random_indep_qiskit_51.qasm,51,102,206
qpeexact_indep_qiskit_51.qasm,51,101,152
ghz_indep_qiskit_105.qasm,105,210,106
ghz_indep_qiskit_84.qasm,84,168,85
twolocalrandom_indep_qiskit_22.qasm,22,44,90
pricingcall_indep_qiskit_11.qasm,11,22,127
qaoa_indep_qiskit_3.qasm,3,6,10
grover-noancilla_indep_qiskit_4.qasm,4,8,34
pricingput_indep_qiskit_17.qasm,17,34,613
qnn_indep_qiskit_39.qasm,39,78,385
qft_indep_qiskit_113.qasm,113,339,227
realamprandom_indep_qiskit_58.qasm,58,116,234
random_indep_qiskit_49.qasm,49,98,601
qft_indep_qiskit_49.qasm,49,147,99
portfolioqaoa_indep_qiskit_5.qasm,5,15,23
graphstate_indep_qiskit_62.qasm,62,124,9
wstate_indep_qiskit_74.qasm,74,148,149
ae_indep_qiskit_56.qasm,56,112,330
wstate_indep_qiskit_117.qasm,117,234,235
qftentangled_indep_qiskit_80.qasm,80,160,163
dj_indep_qiskit_19.qasm,19,37,21
twolocalrandom_indep_qiskit_75.qasm,75,150,302
qnn_indep_qiskit_81.qasm,81,162,805
qftentangled_indep_qiskit_117.qasm,117,234,237
qnn_indep_qiskit_130.qasm,130,260,1295
ae_indep_qiskit_40.qasm,40,80,234
wstate_indep_qiskit_62.qasm,62,124,125
graphstate_indep_qiskit_74.qasm,74,148,10
qft_indep_qiskit_105.qasm,105,315,211
qftentangled_indep_qiskit_79.qasm,79,158,161
vqe_indep_qiskit_14.qasm,14,28,19
qftentangled_indep_qiskit_96.qasm,96,192,195
wstate_indep_qiskit_101.qasm,101,202,203
su2random_indep_qiskit_10.qasm,10,20,42
qpeexact_indep_qiskit_10.qasm,10,19,25
qpeexact_indep_qiskit_122.qasm,122,243,365
qnn_indep_qiskit_97.qasm,97,194,965
twolocalrandom_indep_qiskit_63.qasm,63,126,254
realamprandom_indep_qiskit_125.qasm,125,250,502
qnn_indep_qiskit_126.qasm,126,252,1255
twolocalrandom_indep_qiskit_6.qasm,6,12,26
qnn_indep_qiskit_78.qasm,78,156,775
qftentangled_indep_qiskit_101.qasm,101,202,205
random_indep_qiskit_113.qasm,113,226,1570
realamprandom_indep_qiskit_19.qasm,19,38,78
ae_indep_qiskit_17.qasm,17,34,96
wstate_indep_qiskit_35.qasm,35,70,71
graphstate_indep_qiskit_23.qasm,23,46,6
ghz_indep_qiskit_113.qasm,113,226,114
qpeexact_indep_qiskit_47.qasm,47,93,140
su2random_indep_qiskit_47.qasm,47,94,190
pricingput_indep_qiskit_7.qasm,7,14,55
dj_indep_qiskit_58.qasm,58,115,60
twolocalrandom_indep_qiskit_34.qasm,34,68,138
ghz_indep_qiskit_92.qasm,92,184,93
portfoliovqe_indep_qiskit_12.qasm,12,24,50
ae_indep_qiskit_83.qasm,83,166,492
qft_indep_qiskit_129.qasm,129,387,259
qftentangled_indep_qiskit_55.qasm,55,110,113
random_indep_qiskit_73.qasm,73,146,967
realamprandom_indep_qiskit_62.qasm,62,124,250
qpeinexact_indep_qiskit_61.qasm,61,121,182
qft_indep_qiskit_73.qasm,73,219,147
ae_indep_qiskit_127.qasm,127,254,756
realamprandom_indep_qiskit_4.qasm,4,8,18
graphstate_indep_qiskit_58.qasm,58,116,9
qnn_indep_qiskit_54.qasm,54,108,535
su2random_indep_qiskit_121.qasm,121,242,486
dj_indep_qiskit_23.qasm,23,45,25
realamprandom_indep_qiskit_109.qasm,109,218,438
dj_indep_qiskit_122.qasm,122,243,124
wstate_indep_qiskit_19.qasm,19,38,39
qpeexact_indep_qiskit_84.qasm,84,167,251
qpeinexact_indep_qiskit_36.qasm,36,71,107
su2random_indep_qiskit_84.qasm,84,168,338
qft_indep_qiskit_24.qasm,24,72,49
random_indep_qiskit_24.qasm,24,48,295
realamprandom_indep_qiskit_35.qasm,35,70,142
twolocalrandom_indep_qiskit_117.qasm,117,234,470
ghz_indep_qiskit_51.qasm,51,102,52
twolocalrandom_indep_qiskit_18.qasm,18,36,74
dj_indep_qiskit_74.qasm,74,147,76
ghz_indep_qiskit_129.qasm,129,258,130
random_indep_qiskit_129.qasm,129,258,1840
qftentangled_indep_qiskit_14.qasm,14,28,31
graphstate_indep_qiskit_109.qasm,109,218,9
realamprandom_indep_qiskit_23.qasm,23,46,94
random_indep_qiskit_32.qasm,32,64,391
qft_indep_qiskit_32.qasm,32,96,65
su2random_indep_qiskit_92.qasm,92,184,370
qpeinexact_indep_qiskit_20.qasm,20,39,59
qpeexact_indep_qiskit_92.qasm,92,183,275
graphstate_indep_qiskit_19.qasm,19,38,6
qftentangled_indep_qiskit_3.qasm,3,6,9
qpeinexact_indep_qiskit_127.qasm,127,253,380
qnn_indep_qiskit_15.qasm,15,30,145
ghz_indep_qiskit_47.qasm,47,94,48
twolocalrandom_indep_qiskit_101.qasm,101,202,406
dj_indep_qiskit_62.qasm,62,123,64
qpeinexact_indep_qiskit_98.qasm,98,195,293
ae_indep_qiskit_95.qasm,95,190,564
qpeexact_indep_qiskit_118.qasm,118,235,353
wstate_indep_qiskit_58.qasm,58,116,117
qft_indep_qiskit_65.qasm,65,195,131
qpeinexact_indep_qiskit_77.qasm,77,153,230
realamprandom_indep_qiskit_74.qasm,74,148,298
random_indep_qiskit_65.qasm,65,130,807
qftentangled_indep_qiskit_43.qasm,43,86,89
qpeinexact_indep_qiskit_9.qasm,9,17,26
ghz_indep_qiskit_10.qasm,10,20,11
qnn_indep_qiskit_42.qasm,42,84,415
twolocalrandom_indep_qiskit_59.qasm,59,118,238
dj_indep_qiskit_35.qasm,35,69,37
grover-noancilla_indep_qiskit_8.qasm,8,16,3034
dj_indep_qiskit_42.qasm,42,83,44
ghz_indep_qiskit_88.qasm,88,176,89
qpeinexact_indep_qiskit_107.qasm,107,213,320
qnn_indep_qiskit_35.qasm,35,70,345
ghz_indep_qiskit_67.qasm,67,134,68
twolocalrandom_indep_qiskit_121.qasm,121,242,486
random_indep_qiskit_109.qasm,109,218,1422
qftentangled_indep_qiskit_34.qasm,34,68,71
wstate_indep_qiskit_2.qasm,2,4,5
graphstate_indep_qiskit_129.qasm,129,258,9
graphstate_indep_qiskit_6.qasm,6,12,7
random_indep_qiskit_12.qasm,12,24,103
qft_indep_qiskit_12.qasm,12,36,25
graphstate_indep_qiskit_39.qasm,39,78,7
dj_indep_qiskit_114.qasm,114,227,116
ghz_indep_qiskit_109.qasm,109,218,110
twolocalrandom_indep_qiskit_79.qasm,79,158,318
dj_indep_qiskit_15.qasm,15,29,17
ghz_indep_qiskit_30.qasm,30,60,31
su2random_indep_qiskit_117.qasm,117,234,470
twolocalrandom_indep_qiskit_96.qasm,96,192,386
qnn_indep_qiskit_62.qasm,62,124,615
wstate_indep_qiskit_78.qasm,78,156,157
routing_indep_qiskit_6.qasm,6,12,14
portfolioqaoa_indep_qiskit_9.qasm,9,27,39
qft_indep_qiskit_2.qasm,2,6,5
ae_indep_qiskit_111.qasm,111,222,660
qft_indep_qiskit_45.qasm,45,135,91
qpeinexact_indep_qiskit_57.qasm,57,113,170
realamprandom_indep_qiskit_54.qasm,54,108,218
random_indep_qiskit_45.qasm,45,90,532
qftentangled_indep_qiskit_63.qasm,63,126,129
graphstate_indep_qiskit_81.qasm,81,162,9
wstate_indep_qiskit_97.qasm,97,194,195
realamprandom_indep_qiskit_129.qasm,129,258,518
qnn_indep_qiskit_74.qasm,74,148,735
twolocalrandom_indep_qiskit_80.qasm,80,160,322
su2random_indep_qiskit_101.qasm,101,202,406
ghz_indep_qiskit_26.qasm,26,52,27
qftentangled_indep_qiskit_75.qasm,75,150,153
qft_indep_qiskit_109.qasm,109,327,219
random_indep_qiskit_53.qasm,53,106,665
realamprandom_indep_qiskit_42.qasm,42,84,170
qpeinexact_indep_qiskit_41.qasm,41,81,122
qft_indep_qiskit_53.qasm,53,159,107
ae_indep_qiskit_107.qasm,107,214,636
graphstate_indep_qiskit_78.qasm,78,156,10
wstate_indep_qiskit_81.qasm,81,162,163
graphstate_indep_qiskit_97.qasm,97,194,12
twolocalrandom_indep_qiskit_38.qasm,38,76,154
dj_indep_qiskit_54.qasm,54,107,56
ghz_indep_qiskit_71.qasm,71,142,72
qnn_indep_qiskit_23.qasm,23,46,225
qpeinexact_indep_qiskit_111.qasm,111,221,332
dj_indep_qiskit_102.qasm,102,203,104
wstate_indep_qiskit_39.qasm,39,78,79
dj_indep_qiskit_6.qasm,6,11,8
qpeinexact_indep_qiskit_16.qasm,16,31,47
realamprandom_indep_qiskit_15.qasm,15,30,62
qftentangled_indep_qiskit_22.qasm,22,44,47
random_indep_qiskit_3.qasm,3,6,11
vqe_indep_qiskit_3.qasm,3,6,8
qnn_indep_qiskit_106.qasm,106,212,1055
qnn_indep_qiskit_58.qasm,58,116,575
qftentangled_indep_qiskit_121.qasm,121,242,245
twolocalrandom_indep_qiskit_43.qasm,43,86,174
realamprandom_indep_qiskit_105.qasm,105,210,422
wstate_indep_qiskit_121.qasm,121,242,243
qpeinexact_indep_qiskit_82.qasm,82,163,245
su2random_indep_qiskit_30.qasm,30,60,122
qft_indep_qiskit_90.qasm,90,270,181
random_indep_qiskit_90.qasm,90,180,1182
realamprandom_indep_qiskit_81.qasm,81,162,326
qpeexact_indep_qiskit_30.qasm,30,59,87
qpeexact_indep_qiskit_102.qasm,102,203,305
ae_indep_qiskit_60.qasm,60,120,354
wstate_indep_qiskit_42.qasm,42,84,85
graphstate_indep_qiskit_54.qasm,54,108,10
portfolioqaoa_indep_qiskit_10.qasm,10,30,43
realamprandom_indep_qiskit_8.qasm,8,16,34
qftentangled_indep_qiskit_59.qasm,59,118,121
qft_indep_qiskit_125.qasm,125,375,251
grover-v-chain_indep_qiskit_7.qasm,7,14,271
dj_indep_qiskit_97.qasm,97,193,99
pricingput_indep_qiskit_21.qasm,21,42,2176
dj_indep_qiskit_78.qasm,78,155,80
twolocalrandom_indep_qiskit_14.qasm,14,28,58
qpeexact_indep_qiskit_67.qasm,67,133,200
su2random_indep_qiskit_67.qasm,67,134,270
graphstate_indep_qiskit_113.qasm,113,226,9
random_indep_qiskit_28.qasm,28,56,337
realamprandom_indep_qiskit_39.qasm,39,78,158
su2random_indep_qiskit_88.qasm,88,176,354
qft_indep_qiskit_28.qasm,28,84,57
qpeexact_indep_qiskit_88.qasm,88,175,263
grover-v-chain_indep_qiskit_11.qasm,11,22,2107
ae_indep_qiskit_37.qasm,37,74,216
wstate_indep_qiskit_15.qasm,15,30,31
dj_indep_qiskit_81.qasm,81,161,83
qnn_indep_qiskit_19.qasm,19,38,185
su2random_indep_qiskit_71.qasm,71,142,286
qpeexact_indep_qiskit_71.qasm,71,141,212
ghz_indep_qiskit_125.qasm,125,250,126
graphstate_indep_qiskit_15.qasm,15,30,10
ae_indep_qiskit_21.qasm,21,42,120
graphstate_indep_qiskit_105.qasm,105,210,9
qftentangled_indep_qiskit_18.qasm,18,36,39
random_indep_qiskit_125.qasm,125,250,1656
qnn_indep_qiskit_110.qasm,110,220,1095
qpeinexact_indep_qiskit_5.qasm,5,9,14
dj_indep_qiskit_39.qasm,39,77,41
realamprandom_indep_qiskit_113.qasm,113,226,454
twolocalrandom_indep_qiskit_55.qasm,55,110,222
qpeexact_indep_qiskit_114.qasm,114,227,341
ae_indep_qiskit_99.qasm,99,198,588
qpeexact_indep_qiskit_26.qasm,26,51,77
realamprandom_indep_qiskit_97.qasm,97,194,390
random_indep_qiskit_86.qasm,86,172,1144
qft_indep_qiskit_86.qasm,86,258,173
su2random_indep_qiskit_26.qasm,26,52,106
qpeinexact_indep_qiskit_94.qasm,94,187,281
realamprandom_indep_qiskit_78.qasm,78,156,314
random_indep_qiskit_69.qasm,69,138,890
qft_indep_qiskit_69.qasm,69,207,139
graphstate_indep_qiskit_42.qasm,42,84,7
wstate_indep_qiskit_54.qasm,54,108,109
ae_indep_qiskit_76.qasm,76,152,450
ghz_indep_qiskit_17.qasm,17,34,18
su2random_indep_qiskit_130.qasm,130,260,522
qnn_indep_qiskit_45.qasm,45,90,445
dj_indep_qiskit_32.qasm,32,63,34
realamprandom_indep_qiskit_118.qasm,118,236,474
qwalk-v-chain_indep_qiskit_13.qasm,13,26,230
ae_indep_qiskit_92.qasm,92,184,546
realamprandom_indep_qiskit_73.qasm,73,146,294
random_indep_qiskit_62.qasm,62,124,767
qpeinexact_indep_qiskit_70.qasm,70,139,209
qft_indep_qiskit_62.qasm,62,186,125
qftentangled_indep_qiskit_44.qasm,44,88,91
graphstate_indep_qiskit_49.qasm,49,98,7
qnn_indep_qiskit_12.qasm,12,24,115
qftentangled_indep_qiskit_4.qasm,4,8,11
qpeinexact_indep_qiskit_120.qasm,120,239,359
ghz_indep_qiskit_40.qasm,40,80,41
twolocalrandom_indep_qiskit_106.qasm,106,212,426
dj_indep_qiskit_65.qasm,65,129,67
qpeexact_indep_qiskit_95.qasm,95,189,284
qftentangled_indep_qiskit_13.qasm,13,26,29
qpeinexact_indep_qiskit_27.qasm,27,53,80
qft_indep_qiskit_35.qasm,35,105,71
su2random_indep_qiskit_95.qasm,95,190,382
realamprandom_indep_qiskit_24.qasm,24,48,98
random_indep_qiskit_35.qasm,35,70,386
twolocalrandom_indep_qiskit_110.qasm,110,220,442
ghz_indep_qiskit_56.qasm,56,112,57
dj_indep_qiskit_73.qasm,73,145,75
random_indep_qiskit_23.qasm,23,46,229
realamprandom_indep_qiskit_32.qasm,32,64,130
su2random_indep_qiskit_83.qasm,83,166,334
qft_indep_qiskit_23.qasm,23,69,47
qpeinexact_indep_qiskit_31.qasm,31,61,92
graphstate_indep_qiskit_118.qasm,118,236,8
dj_indep_qiskit_125.qasm,125,249,127
qpeexact_indep_qiskit_83.qasm,83,165,248
random_indep_qiskit_8.qasm,8,16,50
vqe_indep_qiskit_8.qasm,8,16,13
qnn_indep_qiskit_53.qasm,53,106,525
su2random_indep_qiskit_126.qasm,126,252,506
twolocalrandom_indep_qiskit_48.qasm,48,96,194
dj_indep_qiskit_24.qasm,24,47,26
qpeinexact_indep_qiskit_89.qasm,89,177,266
ae_indep_qiskit_84.qasm,84,168,498
qpeexact_indep_qiskit_109.qasm,109,217,326
realamprandom_indep_qiskit_3.qasm,3,6,14
ae_indep_qiskit_120.qasm,120,240,714
wstate_indep_qiskit_49.qasm,49,98,99
qftentangled_indep_qiskit_52.qasm,52,104,107
qft_indep_qiskit_74.qasm,74,222,149
qpeinexact_indep_qiskit_66.qasm,66,131,197
qwalk-noancilla_indep_qiskit_5.qasm,5,10,404
random_indep_qiskit_74.qasm,74,148,953
realamprandom_indep_qiskit_65.qasm,65,130,262
ghz_indep_qiskit_95.qasm,95,190,96
twolocalrandom_indep_qiskit_33.qasm,33,66,134
qnn_indep_qiskit_28.qasm,28,56,275
portfoliovqe_indep_qiskit_15.qasm,15,30,62
dj_indep_qiskit_109.qasm,109,217,111
wstate_indep_qiskit_32.qasm,32,64,65
graphstate_indep_qiskit_24.qasm,24,48,7
ae_indep_qiskit_10.qasm,10,20,54
shor_9_4_indep_qiskit_18.qasm,18,36,6214
qftentangled_indep_qiskit_29.qasm,29,58,61
random_indep_qiskit_114.qasm,114,228,1562
su2random_indep_qiskit_40.qasm,40,80,162
su2random_indep_qiskit_6.qasm,6,12,26
ghz_indep_qiskit_114.qasm,114,228,115
qpeexact_indep_qiskit_40.qasm,40,79,119
realamprandom_indep_qiskit_122.qasm,122,244,490
qpeexact_indep_qiskit_7.qasm,7,13,16
qnn_indep_qiskit_90.qasm,90,180,895
twolocalrandom_indep_qiskit_64.qasm,64,128,258
qftentangled_indep_qiskit_106.qasm,106,212,215
qnn_indep_qiskit_121.qasm,121,242,1205
random_indep_qiskit_58.qasm,58,116,708
realamprandom_indep_qiskit_49.qasm,49,98,198
qft_indep_qiskit_58.qasm,58,174,117
qft_indep_qiskit_102.qasm,102,306,205
wstate_indep_qiskit_65.qasm,65,130,131
graphstate_indep_qiskit_73.qasm,73,146,8
ae_indep_qiskit_47.qasm,47,94,276
qwalk-v-chain_indep_qiskit_29.qasm,29,58,1190
qpeexact_indep_qiskit_17.qasm,17,33,50
qpeexact_indep_qiskit_125.qasm,125,249,374
wstate_indep_qiskit_106.qasm,106,212,213
vqe_indep_qiskit_13.qasm,13,26,18
qftentangled_indep_qiskit_91.qasm,91,182,185
su2random_indep_qiskit_17.qasm,17,34,70
twolocalrandom_indep_qiskit_72.qasm,72,144,290
qnn_indep_qiskit_86.qasm,86,172,855
qnn_indep_qiskit_69.qasm,69,138,685
qftentangled_indep_qiskit_110.qasm,110,220,223
qft_indep_qiskit_9.qasm,9,27,19
ae_indep_qiskit_51.qasm,51,102,300
graphstate_indep_qiskit_65.qasm,65,130,8
wstate_indep_qiskit_73.qasm,73,146,147
qftentangled_indep_qiskit_68.qasm,68,136,139
qft_indep_qiskit_114.qasm,114,342,229
qftentangled_indep_qiskit_87.qasm,87,174,177
wstate_indep_qiskit_110.qasm,110,220,221
dj_indep_qiskit_49.qasm,49,97,51
grover-noancilla_indep_qiskit_3.qasm,3,6,10
qaoa_indep_qiskit_4.qasm,4,8,9
twolocalrandom_indep_qiskit_25.qasm,25,50,102
ghz_indep_qiskit_83.qasm,83,166,84
random_indep_qiskit_19.qasm,19,38,185
qft_indep_qiskit_19.qasm,19,57,39
random_indep_qiskit_102.qasm,102,204,1412
wstate_indep_qiskit_9.qasm,9,18,19
graphstate_indep_qiskit_122.qasm,122,244,10
graphstate_indep_qiskit_32.qasm,32,64,8
wstate_indep_qiskit_24.qasm,24,48,49
qpeexact_indep_qiskit_56.qasm,56,111,167
ghz_indep_qiskit_102.qasm,102,204,103
qwalk-noancilla_indep_qiskit_11.qasm,11,22,24452
su2random_indep_qiskit_56.qasm,56,112,226
qpeinexact_indep_qiskit_93.qasm,93,185,278
qft_indep_qiskit_81.qasm,81,243,163
su2random_indep_qiskit_21.qasm,21,42,86
realamprandom_indep_qiskit_90.qasm,90,180,362
random_indep_qiskit_81.qasm,81,162,1069
wstate_indep_qiskit_130.qasm,130,260,261
qpeexact_indep_qiskit_113.qasm,113,225,338
qpeexact_indep_qiskit_21.qasm,21,41,62
ae_indep_qiskit_71.qasm,71,142,420
graphstate_indep_qiskit_45.qasm,45,90,9
wstate_indep_qiskit_53.qasm,53,106,107
qftentangled_indep_qiskit_48.qasm,48,96,99
qpeinexact_indep_qiskit_2.qasm,2,3,4
qnn_indep_qiskit_117.qasm,117,234,1165
qnn_indep_qiskit_49.qasm,49,98,485
qftentangled_indep_qiskit_130.qasm,130,260,263
twolocalrandom_indep_qiskit_52.qasm,52,104,210
realamprandom_indep_qiskit_114.qasm,114,228,458
qpeexact_indep_qiskit_76.qasm,76,151,227
ghz_indep_qiskit_122.qasm,122,244,123
su2random_indep_qiskit_76.qasm,76,152,306
realamprandom_indep_qiskit_28.qasm,28,56,114
random_indep_qiskit_39.qasm,39,78,472
qft_indep_qiskit_39.qasm,39,117,79
su2random_indep_qiskit_99.qasm,99,198,398
random_indep_qiskit_122.qasm,122,244,1698
graphstate_indep_qiskit_102.qasm,102,204,8
ae_indep_qiskit_26.qasm,26,52,150
graphstate_indep_qiskit_12.qasm,12,24,7
qpeexact_indep_qiskit_99.qasm,99,197,296
qftentangled_indep_qiskit_8.qasm,8,16,19
dj_indep_qiskit_86.qasm,86,171,88
dj_indep_qiskit_69.qasm,69,137,71
su2random_indep_qiskit_60.qasm,60,120,242
qpeexact_indep_qiskit_60.qasm,60,119,179
dj_indep_qiskit_129.qasm,129,257,131
wstate_indep_qiskit_12.qasm,12,24,25
ae_indep_qiskit_30.qasm,30,60,174
graphstate_indep_qiskit_114.qasm,114,228,8
dj_indep_qiskit_90.qasm,90,179,92
twolocalrandom_indep_qiskit_13.qasm,13,26,54
qpeexact_indep_qiskit_37.qasm,37,73,110
qpeexact_indep_qiskit_105.qasm,105,209,314
ae_indep_qiskit_88.qasm,88,176,522
wstate_indep_qiskit_126.qasm,126,252,253
random_indep_qiskit_97.qasm,97,194,1294
realamprandom_indep_qiskit_86.qasm,86,172,346
su2random_indep_qiskit_37.qasm,37,74,150
qft_indep_qiskit_97.qasm,97,291,195
qpeinexact_indep_qiskit_85.qasm,85,169,254
random_indep_qiskit_78.qasm,78,156,1037
realamprandom_indep_qiskit_69.qasm,69,138,278
qwalk-noancilla_indep_qiskit_9.qasm,9,18,6068
qft_indep_qiskit_78.qasm,78,234,157
qft_indep_qiskit_122.qasm,122,366,245
wstate_indep_qiskit_45.qasm,45,90,91
graphstate_indep_qiskit_53.qasm,53,106,9
ae_indep_qiskit_67.qasm,67,134,396
portfolioqaoa_indep_qiskit_17.qasm,17,51,71
qftentangled_indep_qiskit_126.qasm,126,252,255
qnn_indep_qiskit_101.qasm,101,202,1005
vqe_indep_qiskit_4.qasm,4,8,9
random_indep_qiskit_4.qasm,4,8,28
ae_indep_qiskit_6.qasm,6,12,30
dj_indep_qiskit_28.qasm,28,55,30
realamprandom_indep_qiskit_102.qasm,102,204,410
twolocalrandom_indep_qiskit_44.qasm,44,88,178
realamprandom_indep_qiskit_12.qasm,12,24,50
qpeinexact_indep_qiskit_11.qasm,11,21,32
random_indep_qiskit_118.qasm,118,236,1626
qftentangled_indep_qiskit_25.qasm,25,50,53
dj_indep_qiskit_105.qasm,105,209,107
graphstate_indep_qiskit_28.qasm,28,56,7
ghz_indep_qiskit_118.qasm,118,236,119
dj_indep_qiskit_53.qasm,53,105,55
ghz_indep_qiskit_99.qasm,99,198,100
twolocalrandom_indep_qiskit_130.qasm,130,260,522
ghz_indep_qiskit_76.qasm,76,152,77
qpeinexact_indep_qiskit_116.qasm,116,231,347
qnn_indep_qiskit_24.qasm,24,48,235
qaoa_indep_qiskit_10.qasm,10,20,11
ae_indep_qiskit_100.qasm,100,200,594
wstate_indep_qiskit_69.qasm,69,138,139
qftentangled_indep_qiskit_72.qasm,72,144,147
qft_indep_qiskit_54.qasm,54,162,109
qpeinexact_indep_qiskit_46.qasm,46,91,137
random_indep_qiskit_54.qasm,54,108,646
realamprandom_indep_qiskit_45.qasm,45,90,182
portfoliovqe_indep_qiskit_6.qasm,6,12,26
wstate_indep_qiskit_86.qasm,86,172,173
graphstate_indep_qiskit_90.qasm,90,180,9
qpeexact_indep_qiskit_129.qasm,129,257,386
qwalk-v-chain_indep_qiskit_25.qasm,25,50,878
twolocalrandom_indep_qiskit_68.qasm,68,136,274
qnn_indep_qiskit_73.qasm,73,146,725
su2random_indep_qiskit_106.qasm,106,212,426
ghz_indep_qiskit_21.qasm,21,42,22
twolocalrandom_indep_qiskit_87.qasm,87,174,350
realamprandom_indep_qiskit_53.qasm,53,106,214
random_indep_qiskit_42.qasm,42,84,475
qpeinexact_indep_qiskit_50.qasm,50,99,149
qft_indep_qiskit_42.qasm,42,126,85
qft_indep_qiskit_118.qasm,118,354,237
qftentangled_indep_qiskit_64.qasm,64,128,131
graphstate_indep_qiskit_69.qasm,69,138,8
ae_indep_qiskit_116.qasm,116,232,690
qft_indep_qiskit_5.qasm,0,0,0
graphstate_indep_qiskit_86.qasm,86,172,9
wstate_indep_qiskit_90.qasm,90,180,181
dj_indep_qiskit_12.qasm,12,23,14
ghz_indep_qiskit_7.qasm,7,14,8
twolocalrandom_indep_qiskit_91.qasm,91,182,366
ghz_indep_qiskit_37.qasm,37,74,38
su2random_indep_qiskit_110.qasm,110,220,442
qnn_indep_qiskit_65.qasm,65,130,645
dj_indep_qiskit_113.qasm,113,225,115
wstate_indep_qiskit_28.qasm,28,56,57
qftentangled_indep_qiskit_33.qasm,33,66,69
wstate_indep_qiskit_5.qasm,5,10,11
qft_indep_qiskit_15.qasm,15,45,31
random_indep_qiskit_15.qasm,15,30,164
twolocalrandom_indep_qiskit_29.qasm,29,58,118
qaoa_indep_qiskit_8.qasm,8,16,9
dj_indep_qiskit_45.qasm,45,89,47
qnn_indep_qiskit_6.qasm,6,12,55
qnn_indep_qiskit_32.qasm,32,64,315
qpeinexact_indep_qiskit_100.qasm,100,199,299
ghz_indep_qiskit_60.qasm,60,120,61
twolocalrandom_indep_qiskit_126.qasm,126,252,506
twolocalrandom_indep_qiskit_28.qasm,28,56,114
qaoa_indep_qiskit_9.qasm,9,18,10
dj_indep_qiskit_44.qasm,44,87,46
qnn_indep_qiskit_7.qasm,7,14,65
qnn_indep_qiskit_33.qasm,33,66,325
qpeinexact_indep_qiskit_101.qasm,101,201,302
ghz_indep_qiskit_61.qasm,61,122,62
twolocalrandom_indep_qiskit_127.qasm,127,254,510
dj_indep_qiskit_112.qasm,112,223,114
wstate_indep_qiskit_29.qasm,29,58,59
qftentangled_indep_qiskit_32.qasm,32,64,67
wstate_indep_qiskit_4.qasm,4,8,9
qft_indep_qiskit_14.qasm,14,42,29
random_indep_qiskit_14.qasm,14,28,106
dj_indep_qiskit_13.qasm,13,25,15
ghz_indep_qiskit_6.qasm,6,12,7
twolocalrandom_indep_qiskit_90.qasm,90,180,362
ghz_indep_qiskit_36.qasm,36,72,37
su2random_indep_qiskit_111.qasm,111,222,446
qnn_indep_qiskit_64.qasm,64,128,635
realamprandom_indep_qiskit_52.qasm,52,104,210
random_indep_qiskit_43.qasm,43,86,500
qft_indep_qiskit_43.qasm,43,129,87
qpeinexact_indep_qiskit_51.qasm,51,101,152
qftentangled_indep_qiskit_65.qasm,65,130,133
qft_indep_qiskit_119.qasm,119,357,239
graphstate_indep_qiskit_68.qasm,68,136,8
qft_indep_qiskit_4.qasm,4,12,9
ae_indep_qiskit_117.qasm,117,234,696
graphstate_indep_qiskit_87.qasm,87,174,12
wstate_indep_qiskit_91.qasm,91,182,183
twolocalrandom_indep_qiskit_69.qasm,69,138,278
qnn_indep_qiskit_72.qasm,72,144,715
su2random_indep_qiskit_107.qasm,107,214,430
ghz_indep_qiskit_20.qasm,20,40,21
twolocalrandom_indep_qiskit_86.qasm,86,172,346
ae_indep_qiskit_101.qasm,101,202,600
qaoa_indep_qiskit_11.qasm,11,22,10
wstate_indep_qiskit_68.qasm,68,136,137
qftentangled_indep_qiskit_73.qasm,73,146,149
qpeinexact_indep_qiskit_47.qasm,47,93,140
qft_indep_qiskit_55.qasm,55,165,111
random_indep_qiskit_55.qasm,55,110,694
realamprandom_indep_qiskit_44.qasm,44,88,178
portfoliovqe_indep_qiskit_7.qasm,7,14,30
wstate_indep_qiskit_87.qasm,87,174,175
graphstate_indep_qiskit_91.qasm,91,182,9
qpeexact_indep_qiskit_128.qasm,128,255,383
dj_indep_qiskit_52.qasm,52,103,54
ghz_indep_qiskit_98.qasm,98,196,99
ghz_indep_qiskit_77.qasm,77,154,78
portfoliovqe_indep_qiskit_18.qasm,18,36,74
qpeinexact_indep_qiskit_117.qasm,117,233,350
qnn_indep_qiskit_25.qasm,25,50,245
realamprandom_indep_qiskit_13.qasm,13,26,54
qpeinexact_indep_qiskit_10.qasm,10,19,29
random_indep_qiskit_119.qasm,119,238,1664
qftentangled_indep_qiskit_24.qasm,24,48,51
dj_indep_qiskit_104.qasm,104,207,106
graphstate_indep_qiskit_29.qasm,29,58,6
ghz_indep_qiskit_119.qasm,119,238,120
qftentangled_indep_qiskit_127.qasm,127,254,257
qnn_indep_qiskit_100.qasm,100,200,995
random_indep_qiskit_5.qasm,5,10,25
vqe_indep_qiskit_5.qasm,5,10,10
ae_indep_qiskit_7.qasm,7,14,36
realamprandom_indep_qiskit_103.qasm,103,206,414
dj_indep_qiskit_29.qasm,29,57,31
twolocalrandom_indep_qiskit_45.qasm,45,90,182
qpeexact_indep_qiskit_36.qasm,36,71,107
qpeexact_indep_qiskit_104.qasm,104,207,311
ae_indep_qiskit_89.qasm,89,178,528
wstate_indep_qiskit_127.qasm,127,254,255
random_indep_qiskit_96.qasm,96,192,1300
realamprandom_indep_qiskit_87.qasm,87,174,350
qpeinexact_indep_qiskit_84.qasm,84,167,251
su2random_indep_qiskit_36.qasm,36,72,146
qft_indep_qiskit_96.qasm,96,288,193
random_indep_qiskit_79.qasm,79,158,1031
realamprandom_indep_qiskit_68.qasm,68,136,274
qft_indep_qiskit_79.qasm,79,237,159
qwalk-noancilla_indep_qiskit_8.qasm,8,16,3020
qft_indep_qiskit_123.qasm,123,369,247
ae_indep_qiskit_66.qasm,66,132,390
wstate_indep_qiskit_44.qasm,44,88,89
graphstate_indep_qiskit_52.qasm,52,104,10
portfolioqaoa_indep_qiskit_16.qasm,16,48,67
dj_indep_qiskit_91.qasm,91,181,93
twolocalrandom_indep_qiskit_12.qasm,12,24,50
pricingcall_indep_qiskit_21.qasm,21,42,2170
su2random_indep_qiskit_61.qasm,61,122,246
qpeexact_indep_qiskit_61.qasm,61,121,182
ae_indep_qiskit_31.qasm,31,62,180
dj_indep_qiskit_128.qasm,128,255,130
wstate_indep_qiskit_13.qasm,13,26,27
grover-v-chain_indep_qiskit_17.qasm,17,34,51528
graphstate_indep_qiskit_115.qasm,115,230,9
qftentangled_indep_qiskit_9.qasm,9,18,21
dj_indep_qiskit_87.qasm,87,173,89
dj_indep_qiskit_68.qasm,68,135,70
qpeexact_indep_qiskit_77.qasm,77,153,230
ghz_indep_qiskit_123.qasm,123,246,124
su2random_indep_qiskit_77.qasm,77,154,310
realamprandom_indep_qiskit_29.qasm,29,58,118
random_indep_qiskit_38.qasm,38,76,466
qft_indep_qiskit_38.qasm,38,114,77
su2random_indep_qiskit_98.qasm,98,196,394
random_indep_qiskit_123.qasm,123,246,1659
graphstate_indep_qiskit_103.qasm,103,206,7
graphstate_indep_qiskit_13.qasm,13,26,7
ae_indep_qiskit_27.qasm,27,54,156
qpeexact_indep_qiskit_98.qasm,98,195,293
qpeinexact_indep_qiskit_3.qasm,3,5,8
qnn_indep_qiskit_116.qasm,116,232,1155
qnn_indep_qiskit_48.qasm,48,96,475
twolocalrandom_indep_qiskit_53.qasm,53,106,214
realamprandom_indep_qiskit_115.qasm,115,230,462
qft_indep_qiskit_80.qasm,80,240,161
su2random_indep_qiskit_20.qasm,20,40,82
qpeinexact_indep_qiskit_92.qasm,92,183,275
realamprandom_indep_qiskit_91.qasm,91,182,366
random_indep_qiskit_80.qasm,80,160,1082
qpeexact_indep_qiskit_112.qasm,112,223,335
qpeexact_indep_qiskit_20.qasm,20,39,59
graphstate_indep_qiskit_44.qasm,44,88,7
wstate_indep_qiskit_52.qasm,52,104,105
ae_indep_qiskit_70.qasm,70,140,414
qftentangled_indep_qiskit_49.qasm,49,98,101
random_indep_qiskit_18.qasm,18,36,161
qft_indep_qiskit_18.qasm,18,54,37
random_indep_qiskit_103.qasm,103,206,1420
graphstate_indep_qiskit_123.qasm,123,246,10
wstate_indep_qiskit_8.qasm,8,16,17
graphstate_indep_qiskit_33.qasm,33,66,7
wstate_indep_qiskit_25.qasm,25,50,51
qpeexact_indep_qiskit_57.qasm,57,113,170
ghz_indep_qiskit_103.qasm,103,206,104
qwalk-noancilla_indep_qiskit_10.qasm,10,20,12188
su2random_indep_qiskit_57.qasm,57,114,230
dj_indep_qiskit_48.qasm,48,95,50
grover-noancilla_indep_qiskit_2.qasm,2,4,2
pricingcall_indep_qiskit_17.qasm,17,34,610
qaoa_indep_qiskit_5.qasm,5,10,10
twolocalrandom_indep_qiskit_24.qasm,24,48,98
ghz_indep_qiskit_82.qasm,82,164,83
pricingput_indep_qiskit_11.qasm,11,22,128
portfolioqaoa_indep_qiskit_3.qasm,3,9,15
qft_indep_qiskit_8.qasm,8,24,17
graphstate_indep_qiskit_64.qasm,64,128,10
wstate_indep_qiskit_72.qasm,72,144,145
ae_indep_qiskit_50.qasm,50,100,294
qft_indep_qiskit_115.qasm,115,345,231
qftentangled_indep_qiskit_69.qasm,69,138,141
qftentangled_indep_qiskit_86.qasm,86,172,175
wstate_indep_qiskit_111.qasm,111,222,223
twolocalrandom_indep_qiskit_73.qasm,73,146,294
qnn_indep_qiskit_87.qasm,87,174,865
qnn_indep_qiskit_68.qasm,68,136,675
routing_indep_qiskit_12.qasm,12,24,20
qftentangled_indep_qiskit_111.qasm,111,222,225
random_indep_qiskit_59.qasm,59,118,719
realamprandom_indep_qiskit_48.qasm,48,96,194
qft_indep_qiskit_59.qasm,59,177,119
qft_indep_qiskit_103.qasm,103,309,207
ae_indep_qiskit_46.qasm,46,92,270
wstate_indep_qiskit_64.qasm,64,128,129
graphstate_indep_qiskit_72.qasm,72,144,9
qpeexact_indep_qiskit_16.qasm,16,31,47
qpeexact_indep_qiskit_124.qasm,124,247,371
wstate_indep_qiskit_107.qasm,107,214,215
vqe_indep_qiskit_12.qasm,12,24,17
qftentangled_indep_qiskit_90.qasm,90,180,183
su2random_indep_qiskit_16.qasm,16,32,66
realamprandom_indep_qiskit_123.qasm,123,246,494
qpeexact_indep_qiskit_6.qasm,6,11,15
qnn_indep_qiskit_91.qasm,91,182,905
twolocalrandom_indep_qiskit_65.qasm,65,130,262
qftentangled_indep_qiskit_107.qasm,107,214,217
qnn_indep_qiskit_120.qasm,120,240,1195
ae_indep_qiskit_11.qasm,11,22,60
dj_indep_qiskit_108.qasm,108,215,110
wstate_indep_qiskit_33.qasm,33,66,67
graphstate_indep_qiskit_25.qasm,25,50,7
qftentangled_indep_qiskit_28.qasm,28,56,59
random_indep_qiskit_115.qasm,115,230,1541
su2random_indep_qiskit_41.qasm,41,82,166
su2random_indep_qiskit_7.qasm,7,14,30
ghz_indep_qiskit_115.qasm,115,230,116
qpeexact_indep_qiskit_41.qasm,41,81,122
ghz_indep_qiskit_94.qasm,94,188,95
twolocalrandom_indep_qiskit_32.qasm,32,64,130
qnn_indep_qiskit_29.qasm,29,58,285
portfoliovqe_indep_qiskit_14.qasm,14,28,58
qpeinexact_indep_qiskit_88.qasm,88,175,263
ae_indep_qiskit_85.qasm,85,170,504
qpeexact_indep_qiskit_108.qasm,108,215,323
ae_indep_qiskit_121.qasm,121,242,720
realamprandom_indep_qiskit_2.qasm,2,4,8
wstate_indep_qiskit_48.qasm,48,96,97
qftentangled_indep_qiskit_53.qasm,53,106,109
qwalk-noancilla_indep_qiskit_4.qasm,4,8,170
qpeinexact_indep_qiskit_67.qasm,67,133,200
qft_indep_qiskit_75.qasm,75,225,151
random_indep_qiskit_75.qasm,75,150,984
realamprandom_indep_qiskit_64.qasm,64,128,258
vqe_indep_qiskit_9.qasm,9,18,14
random_indep_qiskit_9.qasm,9,18,53
qnn_indep_qiskit_52.qasm,52,104,515
su2random_indep_qiskit_127.qasm,127,254,510
twolocalrandom_indep_qiskit_49.qasm,49,98,198
dj_indep_qiskit_25.qasm,25,49,27
random_indep_qiskit_22.qasm,22,44,203
realamprandom_indep_qiskit_33.qasm,33,66,134
qpeinexact_indep_qiskit_30.qasm,30,59,89
su2random_indep_qiskit_82.qasm,82,164,330
qft_indep_qiskit_22.qasm,22,66,45
graphstate_indep_qiskit_119.qasm,119,238,9
dj_indep_qiskit_124.qasm,124,247,126
qpeexact_indep_qiskit_82.qasm,82,163,245
twolocalrandom_indep_qiskit_111.qasm,111,222,446
ghz_indep_qiskit_57.qasm,57,114,58
dj_indep_qiskit_72.qasm,72,143,74
qpeexact_indep_qiskit_94.qasm,94,187,281
qftentangled_indep_qiskit_12.qasm,12,24,27
qft_indep_qiskit_34.qasm,34,102,69
su2random_indep_qiskit_94.qasm,94,188,378
qpeinexact_indep_qiskit_26.qasm,26,51,77
realamprandom_indep_qiskit_25.qasm,25,50,102
random_indep_qiskit_34.qasm,34,68,368
qnn_indep_qiskit_13.qasm,13,26,125
qftentangled_indep_qiskit_5.qasm,5,10,13
qpeinexact_indep_qiskit_121.qasm,121,241,362
ghz_indep_qiskit_41.qasm,41,82,42
twolocalrandom_indep_qiskit_107.qasm,107,214,430
dj_indep_qiskit_64.qasm,64,127,66
ae_indep_qiskit_93.qasm,93,186,552
realamprandom_indep_qiskit_72.qasm,72,144,290
random_indep_qiskit_63.qasm,63,126,800
qft_indep_qiskit_63.qasm,63,189,127
qpeinexact_indep_qiskit_71.qasm,71,141,212
qftentangled_indep_qiskit_45.qasm,45,90,93
graphstate_indep_qiskit_48.qasm,48,96,10
ghz_indep_qiskit_16.qasm,16,32,17
qnn_indep_qiskit_44.qasm,44,88,435
realamprandom_indep_qiskit_119.qasm,119,238,478
dj_indep_qiskit_33.qasm,33,65,35
